twitter_username,name,followers_count,user_tweet_count,created_at,id,query_tweet_count
katyperry,KATY PERRY,108789024,11460,2009-02-20T23:45:56.000Z,21447363,748786
justinbieber,Justin Bieber,114060688,31380,2009-03-28T16:41:22.000Z,27260086,4589799
taylorswift13,Taylor Swift,88903543,691,2008-12-06T10:10:54.000Z,17919972,4375820
rihanna,Rihanna,103256018,10587,2009-10-02T21:37:33.000Z,79293791,2893095
ladygaga,Lady Gaga,83801008,9645,2008-03-26T22:37:48.000Z,14230524,1546900
jtimberlake,Justin Timberlake,63361165,4340,2009-03-25T19:10:50.000Z,26565946,82168
TheEllenShow,Ellen DeGeneres,77815670,23246,2008-08-14T03:50:42.000Z,15846407,232088
britneyspears,Britney Spears,55628208,5720,2008-09-22T20:47:35.000Z,16409683,241865
Cristiano,Cristiano Ronaldo,95045098,3722,2010-06-14T19:09:20.000Z,155659213,1230561
KimKardashian,Kim Kardashian West,70403410,34870,2009-03-19T19:21:56.000Z,25365536,580082
shakira,Shakira,52608823,7617,2009-06-03T17:38:07.000Z,44409004,280232
selenagomez,Selena Gomez,65237877,5316,2009-03-09T00:16:45.000Z,23375688,3895578
JLo,jlo,45157547,17255,2009-10-27T16:24:51.000Z,85603854,281186
ArianaGrande,Ariana Grande,84504477,47014,2009-04-23T02:56:31.000Z,34507480,4395741
ddlovato,Demi Lovato,54556745,17795,2009-02-17T18:02:08.000Z,21111883,952132
jimmyfallon,jimmy fallon,51390543,13784,2008-07-18T19:46:50.000Z,15485441,256520
Oprah,Oprah Winfrey,43173917,13447,2009-01-23T15:18:34.000Z,19397785,550965
Pink,P!nk,31624138,8088,2009-04-04T01:16:34.000Z,28706024,121384
Drake,Drizzy,39305624,1785,2009-03-28T07:17:46.000Z,27195114,937289
Harry_Styles,Harry Styles.,37010333,5581,2010-08-22T14:19:06.000Z,181561712,6283104
onedirection,One Direction,31344275,9782,2010-10-29T19:05:25.000Z,209708391,352714
BillGates,Bill Gates,55777654,3668,2009-06-24T18:44:10.000Z,50393960,389418
KingJames,LeBron James,50258320,8106,2009-03-06T16:25:53.000Z,23083404,1779426
LilTunechi,Lil Wayne WEEZY F,34839211,2446,2010-02-22T05:29:44.000Z,116362700,194647
BrunoMars,Bruno Mars,43149080,4857,2009-12-29T13:07:04.000Z,100220864,621295
KAKA,Kaka,29311664,5275,2009-07-28T10:05:26.000Z,60865434,47982
Adele,Adele,26677972,323,2010-08-30T19:53:19.000Z,184910040,156916
NiallOfficial,Niall Horan,41358553,18043,2010-01-15T12:14:24.000Z,105119490,2726638
MileyCyrus,Miley Ray Cyrus,46394495,11870,2011-03-18T18:36:02.000Z,268414482,929806
aliciakeys,Alicia Keys,30011636,10021,2009-04-25T00:46:24.000Z,35094637,126848
KevinHart4real,Kevin Hart,36788243,40810,2009-03-07T02:02:31.000Z,23151437,71165
wizkhalifa,Wiz Khalifa,36314104,49010,2009-02-07T17:59:34.000Z,20322929,226886
pitbull,Pitbull,25204781,8409,2009-04-16T16:03:02.000Z,31927467,49480
Real_Liam_Payne,Liam,6660,0,2016-08-10T14:50:28.000Z,763387042772516864,8723
Louis_Tomlinson,Louis Tomlinson,35939242,7564,2009-10-22T08:58:11.000Z,84279963,11279933
NICKIMINAJ,Nicki Minaj,23009989,42367,2009-04-27T16:36:43.000Z,35787166,980488
neymarjr,Neymar Jr,54952453,42088,2010-06-22T20:59:27.000Z,158487331,2969023
Eminem,Marshall Mathers,22534633,1101,2009-03-05T16:33:48.000Z,22940219,552559
AvrilLavigne,Avril Lavigne,20689195,4234,2009-09-13T22:43:00.000Z,73992972,157955
ActuallyNPH,Neil Patrick Harris,25754422,3189,2009-11-16T15:54:48.000Z,90420314,16872
danieltosh,daniel tosh,24405952,21,2009-03-20T15:32:52.000Z,25521487,3284
davidguetta,David Guetta,20299436,6128,2009-03-12T16:19:49.000Z,23976386,47117
ConanOBrien,Conan O'Brien,28477842,4926,2010-02-18T20:17:16.000Z,115485051,158157
SrBachchan,Amitabh Bachchan,46360890,68144,2010-05-18T05:16:47.000Z,145125358,762727
aplusk,ashton kutcher,17216662,10557,2009-01-16T07:40:06.000Z,19058681,24235
khloekardashian,Khlo√©,29513841,66562,2009-04-18T18:01:25.000Z,32959253,109416
kourtneykardash,Kourtney Kardashian,26142722,14094,2009-03-10T17:12:52.000Z,23617610,24044
zaynmalik,zayn,31003347,3687,2010-08-09T21:54:10.000Z,176566242,3907417
iamsrk,Shah Rukh Khan,42155988,58241,2010-01-02T20:55:43.000Z,101311381,984815
coldplay,Coldplay,23452584,8837,2009-01-11T11:04:45.000Z,18863815,661285
MariahCarey,Mariah Carey,21614007,10283,2009-01-20T18:08:51.000Z,19248106,444064
edsheeran,Ed Sheeran,17693334,22782,2009-10-26T23:57:28.000Z,85452649,159039
xtina,Christina Aguilera,16689277,2738,2011-03-18T19:41:39.000Z,268439864,112390
JimCarrey,Jim Carrey,18650210,4675,2009-06-30T22:58:44.000Z,52551600,137197
kanyewest,ye,30605061,1911,2010-07-22T23:00:05.000Z,169686021,343536
chrisbrown,Chris Brown,32185788,4612,2010-03-03T21:39:14.000Z,119509520,131961
BeingSalmanKhan,Salman Khan,43043216,43028,2010-04-13T02:56:21.000Z,132385468,5416612
agnezmo,AGNEZ MO,17862835,15644,2009-05-25T15:05:00.000Z,42420346,177799
Beyonce,BEYONC√â,15502947,19,2009-04-14T21:56:04.000Z,31239408,539141
blakeshelton,Blake Shelton,19894010,12619,2008-05-27T13:43:08.000Z,14920785,180806
RyanSeacrest,Ryan Seacrest,15060041,18031,2008-09-08T19:55:09.000Z,16190898,53588
ivetesangalo,Ivete Sangalo,17030130,45342,2008-04-23T23:25:12.000Z,14502789,110746
LeoDiCaprio,Leonardo DiCaprio,19369320,2435,2010-04-16T22:04:13.000Z,133880286,76734
ParisHilton,Paris Hilton,16824809,22969,2009-03-17T18:45:05.000Z,24929621,97136
iamwill,will.i.am,12109564,8792,2009-06-22T08:24:19.000Z,49573859,28267
MohamadAlarefe,ÿØ. ŸÖÿ≠ŸÖÿØ ÿßŸÑÿπÿ±ŸäŸÅŸä,19648503,23322,2010-11-24T10:45:31.000Z,219255067,3102
KendallJenner,Kendall,31744995,9625,2010-06-19T00:03:11.000Z,157140968,188380
ashleytisdale,Ashley Tisdale,12414515,11005,2008-12-13T02:32:20.000Z,18091904,75559
tyrabanks,Tyra Banks,13907257,9992,2009-07-02T18:57:45.000Z,53153263,33374
SnoopDogg,Snoop Dogg,19318971,41772,2007-03-30T19:05:42.000Z,3004231,272708
AlejandroSanz,Alejandro Sanz,19735496,30575,2009-05-28T17:21:35.000Z,43152482,526942
ricky_martin,Ricky Martin,20256004,7439,2009-05-15T14:53:26.000Z,40255499,65761
10Ronaldinho,Ronaldinho Ga√∫cho,20231777,5653,2009-04-07T16:11:50.000Z,29479000,105917
SimonCowell,Simon Cowell,10994647,1876,2011-11-15T23:12:59.000Z,413487212,11640
WayneRooney,Wayne Rooney,17159138,3137,2011-04-20T23:47:12.000Z,285332860,238058
KDTrey5,Kevin Durant,19339412,24386,2009-04-28T01:14:36.000Z,35936474,410901
maroon5,Maroon 5,14265183,7351,2009-03-17T14:13:03.000Z,24886570,66449
radityadika,raditya dika,15719458,52724,2009-06-15T15:39:56.000Z,47363197,2461
KylieJenner,Kylie Jenner,39253169,14247,2011-01-11T05:03:57.000Z,236699098,331775
ClaudiaLeitte,Claudia Leitte,14568651,58774,2009-06-18T12:25:09.000Z,48332360,85141
DaniloGentili,Danilo Gentili,16963781,83722,2008-03-25T06:44:38.000Z,14213711,393040
shugairi,ÿ£ÿ≠ŸÖÿØ ÿßŸÑÿ¥ŸÇŸäÿ±Ÿä,18411619,2127,2010-08-07T22:34:41.000Z,175883705,5619
marcosmion,Marcos Mion,13618997,26817,2009-04-28T19:15:13.000Z,36152770,49096
deepikapadukone,Deepika Padukone,27645780,669,2010-01-04T07:51:32.000Z,101695592,188636
stephenfry,Stephen Fry,12472027,25309,2008-07-15T11:45:30.000Z,15439395,89723
charliesheen,Charlie Sheen,10489153,2320,2011-03-01T20:09:03.000Z,259379883,5370
andresiniesta8,Andr√©s Iniesta,25219530,3063,2009-11-18T09:33:28.000Z,90836187,69027
iHrithik,Hrithik Roshan,30913709,5960,2010-02-11T18:06:33.000Z,113419517,311775
priyankachopra,PRIYANKA,27434884,22217,2009-01-06T16:05:15.000Z,18681139,321230
LucianoHuck,Luciano Huck,13208100,12272,2009-05-28T02:06:04.000Z,43023158,419513
3gerardpique,Gerard Piqu√©,20158375,3086,2010-12-08T13:20:43.000Z,224223563,199960
ZacEfron,Zac Efron,15382123,1822,2012-02-14T17:36:20.000Z,492399548,25635
carlyraejepsen,Carly Rae Jepsen,9640317,7096,2009-03-17T07:10:51.000Z,24852465,7030
rustyrockets,Russell Brand,11018079,16293,2009-01-26T22:21:06.000Z,19562228,45803
juanes,Juanes,11523611,12741,2009-06-15T07:57:11.000Z,47288005,27186
Ludacris,Ludacris,11378640,22163,2008-11-28T02:06:50.000Z,17696167,23020
SHAQ,SHAQ,15523424,9975,2008-11-18T10:27:25.000Z,17461978,209232
paulocoelho,Paulo Coelho,15432031,36023,2007-04-26T07:32:00.000Z,5520952,65939
tomhanks,Tom Hanks,16385190,948,2009-06-24T17:39:05.000Z,50374439,51595
Dr_alqarnee,ÿØ. ÿπÿßÿ¶ÿ∂ ÿßŸÑŸÇÿ±ŸÜŸä,20111915,68188,2011-01-24T09:22:31.000Z,242245578,1194952
Usher,Usher Raymond IV,12002976,6164,2009-05-18T16:36:50.000Z,40908929,42168
akshaykumar,Akshay Kumar,42555800,41017,2009-04-15T05:23:19.000Z,31348594,1521722
LunaMaya26,luna maya,11907817,15698,2010-04-02T10:25:37.000Z,128841198,3596
rickygervais,Ricky Gervais,14491852,67374,2009-02-04T00:00:12.000Z,20015311,502388
MesutOzil1088,Mesut √ñzil,26096317,2226,2012-03-22T12:12:51.000Z,533085085,1948656
sherinasinna,Sherina Sinna,10865836,585,2009-04-21T11:10:05.000Z,33873560,65517
CMYLMZ,Cem Yƒ±lmaz,15030207,1950,2010-03-26T08:44:54.000Z,126571977,137406
nickjonas,Nick Jonas,14286643,6177,2009-07-14T19:07:05.000Z,56783491,344564
XabiAlonso,Xabi Alonso,11689494,589,2010-08-26T21:54:09.000Z,183387449,8032
TheRock,Dwayne Johnson,15440492,25672,2011-02-11T22:14:10.000Z,250831586,317471
StephenAtHome,Stephen Colbert,19257755,6938,2008-09-15T22:31:44.000Z,16303106,506239
aguerosergiokun,Sergio Kun Aguero,14519511,4967,2010-05-01T14:30:52.000Z,139092348,169213
VictoriaJustice,Victoria Justice,9983478,21781,2009-06-23T17:19:10.000Z,50037051,84222
FALCAO,Radamel Falcao,17333309,6677,2009-07-20T17:23:57.000Z,58531272,120889
lindsaylohan,Lindsay Lohan,8271867,314,2009-08-15T22:33:26.000Z,65992743,62037
arrahman,A.R.Rahman #99Songs üò∑,23761831,6150,2009-02-02T05:53:57.000Z,19895282,514938
AustinMahone,Austin Mahone,9073457,42564,2010-09-29T22:53:34.000Z,196795202,18317
victoriabeckham,Victoria Beckham,11925938,3993,2010-08-31T18:06:25.000Z,185314895,6469
jamesdrodriguez,James Rodr√≠guez,18998311,2863,2011-04-11T21:45:31.000Z,280701704,76651
TreySongz,Trey Songz,13810497,14623,2009-03-17T22:10:47.000Z,24966423,42992
SofiaVergara,Sofia Vergara,8604843,9758,2009-11-20T17:55:25.000Z,91390383,8685
jessicaalba,Jessica Alba,8681001,6638,2009-11-24T21:17:31.000Z,92367751,5422
RafaelNadal,Rafa Nadal,15612887,3102,2011-07-29T10:44:02.000Z,344634424,143479
rafinhabastos,Rafinha Bastos,11397101,35629,2008-12-22T01:11:01.000Z,18297088,310628
daddy_yankee,Daddy Yankee,14867787,22878,2009-04-29T21:15:16.000Z,36483808,144433
Anahi,Anahi,9853663,8334,2009-04-09T18:49:26.000Z,30040682,318095
LMFAO,LMFAO,6912055,5784,2009-01-29T02:32:50.000Z,19691643,1210
realwbonner,William Bonner,9969087,10176,2009-06-30T18:16:52.000Z,52471614,25078
imVkohli,Virat Kohli,44144577,2473,2009-09-03T07:57:30.000Z,71201743,1745321
JessieJ,Jessie J,8171475,20951,2009-04-28T06:34:34.000Z,36008570,16534
vidialdiano,Vidi Aldiano,8575234,32050,2009-05-25T23:31:51.000Z,42513459,1013
annecurtissmith,Anne Curtis-Smith,14201651,53350,2009-03-10T06:15:36.000Z,23563916,23410
sachin_rt,Sachin Tendulkar,36148087,4054,2010-04-21T07:42:23.000Z,135421739,1124745
MarceloTas,Marcelo Tas,9235704,23058,2007-06-11T14:13:30.000Z,6741632,14526
mishari_alafasy,MISHARI ALAFASY,7246,20687,2014-09-11T22:23:45.000Z,2804435462,60
Carles5puyol,Carles Puyol,12129776,2450,2010-04-22T19:49:00.000Z,136007061,240826
SethMacFarlane,Seth MacFarlane,13756212,207,2009-01-13T19:04:37.000Z,18948541,80941
thalia,Thalia,9764950,23240,2007-04-11T01:07:09.000Z,4101221,72180
MarcAnthony,Marc Anthony,11302014,7435,2011-02-18T23:59:54.000Z,254274083,20035
cesc4official,Cesc F√†bregas Soler,10006200,5529,2010-09-01T23:01:33.000Z,185827887,56611
50cent,50cent,12595669,17167,2008-12-18T19:18:49.000Z,18222378,120760
Pharrell,Pharrell Williams,10675477,4683,2011-07-19T02:08:57.000Z,338084918,41409
joejonas,J O E  J O N A S,10057006,11261,2010-01-12T19:29:00.000Z,104249727,60272
BigSean,Sean Don,14292659,20994,2008-12-06T03:17:02.000Z,17915334,106309
5SOS,5 Seconds Of Summer,12618561,28214,2011-03-11T10:18:46.000Z,264107729,1060447
azizansari,Aziz Ansari,10152997,7584,2007-05-31T19:06:49.000Z,6480682,2604
kobebryant,Kobe Bryant,15083969,1906,2013-01-04T01:09:40.000Z,1059194370,68197
davidbisbal,davidbisbal,9949757,18957,2009-07-15T18:47:03.000Z,57099808,82230
juniorbachchan,Abhishek Bachchan,15473756,32433,2009-11-03T11:29:22.000Z,87170183,91480
Tatawerneck,Tata werneck,11473042,21176,2009-08-03T16:43:18.000Z,62557485,368611
channingtatum,Channing Tatum,7771800,7140,2007-05-29T23:50:23.000Z,6427882,4406
Persie_Official,Robin van Persie,9359753,1010,2010-12-26T21:38:00.000Z,230845588,53967
sonamakapoor,Sonam K Ahuja,13193453,20386,2009-06-27T07:25:39.000Z,51376979,22013
CodySimpson,Cody Simpson,6838109,36936,2009-10-04T04:53:26.000Z,79650494,10292
LuisFonsi,Luis Fonsi,9725686,11632,2009-03-16T14:58:39.000Z,24702915,76921
DavidLuiz_4,David Luiz,8759279,2429,2011-07-29T16:17:52.000Z,344801362,33356
GarethBale11,Gareth Bale,18741558,1653,2012-08-06T10:39:31.000Z,740336334,72733
JohnCena,John Cena,13273006,6922,2010-05-08T17:43:50.000Z,141664648,1009205
EugenioDerbez,Eugenio Derbez,11276469,10213,2009-06-11T23:57:30.000Z,46527223,35698
JColeNC,J. Cole,14115353,2855,2009-01-15T17:08:04.000Z,19028953,149750
elissakh,Elissa,15610765,61535,2011-04-06T21:53:47.000Z,278235826,303645
MirandaCosgrove,Miranda Cosgrove,7013574,7016,2009-03-23T07:49:51.000Z,25970331,9613
johnlegend,John Legend,13878524,15873,2008-12-18T23:42:30.000Z,18228898,306073
EvaLongoria,Eva Longoria Baston,6854324,17417,2010-02-02T22:31:26.000Z,110827653,12617
salman_alodah,ÿ≥ŸÑŸÖÿßŸÜ ÿßŸÑÿπŸàÿØÿ© (ŸÖÿπÿ™ŸÇŸÑ),13060328,47267,2009-09-28T13:17:37.000Z,78010944,8921
karanjohar,Karan Johar,17254640,11162,2009-07-18T13:10:57.000Z,57928790,135899
Guaje7Villa,David Villa,8921287,2777,2011-12-02T16:43:20.000Z,426738834,9656
CherLloyd,Cher Lloyd,6562953,6516,2010-10-30T09:56:49.000Z,209994211,15133
JessicaSimpson,Jessica Simpson,6220510,2776,2009-04-08T22:26:39.000Z,29840295,14245
NancyAjram,Nancy Ajram,15412779,24532,2012-01-21T16:32:54.000Z,470307418,118572
SpiderAnderson,Anderson Silva,7537480,3881,2011-02-02T11:46:11.000Z,246225682,4866
montanertwiter,Ricardo Montaner,9214434,57542,2009-07-08T21:21:12.000Z,55033131,62425
LittleMix,Little Mix,11941982,34663,2011-09-26T15:50:00.000Z,380399508,978550
carmeloanthony,Carmelo Anthony,9233560,3282,2009-05-25T10:30:34.000Z,42384760,84693
SarahKSilverman,Sarah Silverman,12295520,19391,2009-04-11T01:28:47.000Z,30364057,193426
shahidkapoor,Shahid Kapoor,15316453,7575,2009-07-14T06:58:48.000Z,56631494,51049
Tyga,T-Raww,4954151,12129,2009-03-04T04:29:52.000Z,22733444,24292
ChespiritoRGB,Roberto G. Bola√±os,6194224,3018,2011-05-25T16:25:49.000Z,305085584,1862
snooki,Nicole Polizzi,5962300,35677,2009-04-03T19:53:24.000Z,28638191,23606
cuervotinelli,marcelo tinelli,10325878,77538,2012-08-29T18:05:27.000Z,789856765,127229
143redangel,Angel Locsin,12691472,12199,2009-07-30T14:54:09.000Z,61507091,10896
IAMQUEENLATIFAH,Queen Latifah,8007045,6332,2009-06-25T23:59:18.000Z,50826280,58566
ZooeyDeschanel,zooey deschanel,5844837,4267,2009-08-18T01:55:35.000Z,66561957,32987
simonpegg,Pegg News,5684604,16197,2009-01-07T06:19:34.000Z,18713254,7278
RaffiAhmadLagi,.,8483914,13328,2011-10-31T06:29:04.000Z,401866664,348
NeYoCompound,NE-YO,6498645,16740,2009-03-27T00:04:42.000Z,26895879,26449
CalvinHarris,Calvin Harris,11971121,135,2009-01-05T06:17:35.000Z,18625669,13040
richardbranson,Richard Branson,12631050,25948,2007-08-13T15:20:18.000Z,8161232,39997
ciara,Ciara,11534663,11932,2009-04-04T23:53:24.000Z,28897926,180403
SteveMartinToGo,Steve Martin,8695107,768,2008-05-18T21:33:55.000Z,14824849,37707
DaniAlvesD2,Daniel Alves,9137675,8068,2010-05-10T07:33:06.000Z,142204481,64099
KELLYROWLAND,KELENDRIA ROWLAND,6826140,13850,2009-04-13T02:15:13.000Z,30782495,88174
Fearnecotton,fearne cotton,6756702,20807,2009-01-31T15:28:48.000Z,19818494,3957
rioferdy5,Rio Ferdinand,11157790,21511,2010-06-15T14:47:40.000Z,155927976,234375
FloydMayweather,Floyd Mayweather,7880509,7847,2009-05-26T00:08:06.000Z,42519612,47167
Luke5SOS,Luke Hemmings,10298830,9441,2011-11-02T06:59:37.000Z,403245020,349197
andersoncooper,Anderson Cooper,10040684,18340,2008-06-24T22:37:59.000Z,15224867,291432
FabioPorchat,Fabio Porchat,9006760,13181,2009-04-21T04:04:03.000Z,33804533,173269
FarOutAkhtar,Farhan Akhtar,12597402,9170,2009-12-19T09:37:49.000Z,97865628,98879
jennettemccurdy,Jennette McCurdy,5565415,123,2008-07-16T21:36:31.000Z,15460081,3644
gusttavo_lima,Gusttavo Lima,14438134,20741,2010-03-26T16:47:47.000Z,126676337,193195
bellathorne,BITCHIMBELLATHORNE,6579764,77549,2009-06-18T00:25:58.000Z,48177728,22670
hollywills,Holly Willoughby,7248571,7043,2009-02-10T11:50:59.000Z,20508222,38922
JuanLuisGuerra,Juan Luis Guerra,7638106,1638,2010-01-14T23:52:20.000Z,104974333,16127
Tip,T.I.,9148640,19877,2010-02-26T15:47:13.000Z,117778179,25231
PerezHilton,Perez Hilton,5537967,347165,2009-01-22T06:47:48.000Z,19329393,28057
DwightHoward,Dwight Howard,6398323,23526,2008-10-16T19:42:00.000Z,16812787,16036
CHAYANNEMUSIC,CHAYANNE,9270932,4962,2009-04-08T16:09:19.000Z,29749448,63169
Ricardo_Arjona,Ricardo Arjona ¬Æ,10454729,4691,2008-11-22T00:40:10.000Z,17549677,49225
aliaa08,Alia Bhatt,21064554,5338,2010-08-26T13:37:26.000Z,183230911,510434
vicegandako,jose marie viceral,14233655,24058,2010-09-04T05:12:31.000Z,186712788,267387
Zendaya,Zendaya,19342399,58532,2010-06-10T21:08:45.000Z,154280902,514165
DulceMaria,Dulce Maria,7167763,32551,2009-10-03T00:22:58.000Z,79327591,211028
oceara,Snap: cearawm,5836597,7551,2009-05-17T18:52:56.000Z,40713101,85
iansomerhalder,Ian Somerhalder,7171889,10199,2009-07-19T16:36:43.000Z,58233603,106133
KrisJenner,Kris Jenner,12053142,13845,2009-03-10T16:38:12.000Z,23613479,29851
jimmykimmel,Jimmy Kimmel,11876667,7753,2009-03-23T18:05:56.000Z,26053643,363103
RealHughJackman,Hugh Jackman,14568073,4056,2009-03-27T16:45:10.000Z,27042513,57322
luansantana,Luan Santana,11645000,14423,2009-07-22T15:35:59.000Z,59156773,181184
IGGYAZALEA,IGGY AZALEA,7707630,9248,2010-06-09T06:10:41.000Z,153694176,215560
GalileaMontijo,Galilea Montijo,7290110,22527,2010-01-07T16:49:44.000Z,102729125,5483
AnushkaSharma,Anushka Sharma,22542679,4683,2009-07-08T07:30:37.000Z,54829997,145448
robkardashian,ROBERT KARDASHIAN,7284252,1705,2009-03-31T23:07:50.000Z,27989078,3158
Akon,AKON,6199307,1774,2009-03-20T00:35:33.000Z,25421094,40549
jason_mraz,Jason Mraz,5308140,4683,2009-01-15T11:16:33.000Z,19018401,3463
ninadobrev,Nina Dobrev,7075089,7466,2009-09-11T18:00:49.000Z,73443014,10040
OMARCHAPARRO,Omar Chaparro,7406306,31291,2008-10-13T15:12:41.000Z,16721910,25104
SergioRamos,Sergio Ramos,18840463,4300,2010-06-02T17:17:33.000Z,151123001,209624
rodrigovesgo,Rodrigo Scarpa,5503289,11163,2009-05-20T15:47:49.000Z,41384170,102
Mascherano,Javier Mascherano,8120456,1775,2011-06-09T12:23:45.000Z,313913938,21356
chetan_bhagat,Chetan Bhagat,12594154,16368,2009-06-04T10:30:19.000Z,44588485,50920
Calum5SOS,Calum Hood,7114497,15151,2011-11-02T07:27:56.000Z,403255314,593792
CH14_,Chicharito Hernandez,8864424,2442,2012-06-25T20:38:36.000Z,618420295,11777
jk_rowling,J.K. Rowling,13974944,14197,2009-08-03T13:23:45.000Z,62513246,86710
official_flo,FLO RIDA,4879225,24175,2009-04-07T21:14:47.000Z,29547045,4452
chelseahandler,Chelsea Handler,7864690,12913,2009-02-01T21:13:36.000Z,19877186,204175
atademirer,atademirer,6785168,2240,2010-07-24T20:21:51.000Z,170428440,19500
ScottDisick,Scott Disick,6694816,2764,2010-01-05T02:15:37.000Z,101928415,2109
CherylOfficial,Cheryl,5678616,7397,2011-03-08T23:24:59.000Z,262881419,9209
LuisSuarez9,Luis Suarez,16892093,1496,2010-11-09T17:56:06.000Z,213745334,135331
ParineetiChopra,Parineeti Chopra,14148041,8626,2009-04-21T03:51:35.000Z,33801019,150544
RobertDowneyJr,Robert Downey Jr,16678188,842,2009-06-17T00:12:08.000Z,47786101,153579
G_Higuain,Gonzalo Higua√≠n,6533290,382,2010-10-19T23:45:32.000Z,205011496,2688
jimmycarr,Jimmy Carr,6685089,4626,2008-10-28T13:39:56.000Z,17020962,5830
TomCruise,Tom Cruise,6680270,10879,2009-06-18T16:50:46.000Z,48410093,38502
kendricklamar,Kendrick Lamar,11548354,4230,2009-03-10T05:44:26.000Z,23561980,75116
serenawilliams,Serena Williams,10707047,14598,2009-03-25T21:00:33.000Z,26589987,190601
Residente,Residente,6108127,29750,2009-05-11T06:01:58.000Z,39203045,37644
adamlevine,Adam Levine,7983620,5979,2009-07-20T17:12:25.000Z,58528137,23845
CarlosLoret,Carlos Loret de Mola,8814781,98880,2009-08-26T00:00:09.000Z,68844197,1712939
JeremyClarkson,Jeremy Clarkson,7529408,7716,2012-03-17T14:49:48.000Z,527526077,126046
ahickmann,Ana Hickmann,6144761,28711,2009-05-29T19:45:07.000Z,43394391,3378
Talhabeeb,ÿ£. ÿØ. ÿ∑ÿßÿ±ŸÇ ÿßŸÑÿ≠ÿ®Ÿäÿ®,6616344,43489,2011-04-01T14:34:32.000Z,275558381,13830
VanessaHudgens,Vanessa Hudgens,6726266,4582,2011-03-29T19:28:34.000Z,274119641,14570
TareqAlSuwaidan,Dr.TareqAlSuwaidan,9955111,21685,2010-03-14T14:33:12.000Z,122969292,1426
JKCorden,James Corden,11025702,13974,2010-11-15T11:40:04.000Z,215952307,155004
Michael5SOS,michael clifford,10205172,12709,2011-11-02T07:04:18.000Z,403246803,696885
elliegoulding,Ellie Goulding,6418818,18102,2009-02-11T02:15:58.000Z,20565284,39008
camerondallas,Cameron Dallas,14988876,1440,2011-11-05T18:20:57.000Z,405728790,7368
lopezdoriga,Joaqu√≠n L√≥pez-D√≥riga,7929985,389333,2011-01-11T01:32:54.000Z,236636515,1505414
thekiranbedi,Kiran Bedi,12259831,36294,2009-08-26T13:32:38.000Z,68977380,67355
raisa6690,Raisa Andriana,9146262,26925,2009-08-07T11:36:31.000Z,63695781,18386
MichelleObama,Michelle Obama,21022902,1795,2011-11-10T20:13:01.000Z,409486555,632397
maryjblige,Mary J. Blige,6097329,7069,2009-07-08T16:48:22.000Z,54951973,101553
oserginho,Serginho Groisman,6172405,9110,2009-08-12T20:31:30.000Z,65151248,8046
justdemi,Demi Moore,4431147,5461,2009-01-26T20:21:06.000Z,19554706,3929
bernardokath,KATH üêò,10526074,6615,2010-10-02T14:30:30.000Z,197807757,445010
SamuelLJackson,Samuel L. Jackson,8848364,3792,2009-09-21T06:47:04.000Z,75974281,31921
NicoleScherzy,Nicole Scherzinger,5073914,10202,2009-03-16T18:28:02.000Z,24741517,22748
bep,Black Eyed Peas,4696938,4054,2007-07-12T13:25:51.000Z,7428362,69062
okanbayulgen,okan bayulgen,6871688,6317,2011-03-15T15:24:29.000Z,266644093,8115
INDONESIAinLOVE,INDONESIAinLOVE,5057125,60613,2011-02-26T10:44:49.000Z,257861295,2767
amrkhaled,Amr Khaled,11116879,16892,2009-08-19T09:42:24.000Z,66959303,36104
MeekMill,Meek Mill,10944328,16301,2009-02-11T03:15:04.000Z,20567939,598567
antanddec,antanddec,6765113,15548,2008-11-14T13:04:56.000Z,17386885,60680
RitaOra,Rita Ora,6569243,13991,2009-03-30T20:49:02.000Z,27725199,73556
lulopilato,Luisana Lopilato,6011154,7642,2009-05-08T20:51:39.000Z,38741679,3172
Fiuk,FIUK üé∏üöÄüí•,5483590,28355,2009-05-28T15:38:39.000Z,43132532,884775
NickCannon,Nick Cannon,4682104,29298,2009-01-27T01:44:34.000Z,19571299,12858
bepe20s,‚Ä¢Bambang Pamungkas‚Ä¢,1012,104,2015-08-08T10:21:12.000Z,3309596149,3
SandyLeah,Sandy Leah,5969968,5600,2009-06-27T18:16:25.000Z,51509917,7585
mirandalambert,Miranda Lambert,6790410,5545,2009-04-23T21:37:36.000Z,34738598,68235
Angelluisr,Angel Rivera,1127856,8428,2009-02-10T04:02:59.000Z,20490840,23
Nashgrier,Nash Grier,6358902,32800,2011-06-03T04:34:15.000Z,310072711,15996
bclsinclair,bunga citra lestari,5836119,9757,2009-05-21T17:03:32.000Z,41626669,4058
RedHourBen,Ben Stiller,5622990,8039,2009-08-02T16:21:43.000Z,62290422,43813
DemetAkalin,Demet Akalin,6759954,89701,2010-06-01T07:29:05.000Z,150566311,78727
YengPLUGGEDin,Yeng Constantino,7411678,41706,2009-08-08T20:45:18.000Z,64038747,8168
mindykaling,Mindy Kaling,11625464,20261,2009-03-10T02:29:28.000Z,23544596,88452
MacMiller,Mac,8012045,208,2009-03-06T13:52:47.000Z,23065354,52180
D_DeGea,David de Gea,13441507,2351,2011-03-14T13:03:14.000Z,265982289,146335
juanmata8,Juan Mata Garc√≠a,7964042,3084,2010-05-06T08:44:21.000Z,140750163,33380
TigerWoods,Tiger Woods,6574992,1276,2009-04-17T15:48:12.000Z,32453930,259202
MikeTyson,Mike Tyson,5686783,6748,2010-06-16T03:10:23.000Z,156132825,50749
LennyKravitz,Lenny Kravitz,4758699,3066,2009-03-06T00:51:27.000Z,23006794,33961
kevinjonas,kevin jonas,5253278,9521,2010-01-12T22:09:15.000Z,104288093,36003
JonahHill,Jonah Hill,4442702,75,2011-02-23T16:35:51.000Z,256573865,6217
DwyaneWade,DWade,9590860,14759,2009-04-21T18:42:20.000Z,33995409,308650
nicolerichie,Nicole Richie,4294430,221,2009-03-31T01:16:52.000Z,27778893,1034
linkinpark,LINKIN PARK,5886418,6560,2009-01-23T01:05:42.000Z,19373710,71542
HilaryDuff,Hilary Duff,4568320,4421,2010-10-10T16:29:02.000Z,200913899,8964
ImRaina,Suresh RainaüáÆüá≥,19244888,6455,2010-03-08T08:47:26.000Z,121044171,407985
RNTata2000,Ratan N. Tata,10173536,173,2011-04-05T11:01:00.000Z,277434037,188003
ariyoshihiroiki,ÊúâÂêâÂºòË°å,7584110,21246,2010-02-15T12:51:21.000Z,114446939,114105
IBGDRGN,G-DRAGON,8635856,4802,2012-07-16T21:48:58.000Z,637313893,87848
AnnaKendrick47,Anna Kendrick,7044448,2448,2009-07-25T01:57:57.000Z,59949396,39623
sectorkekz,Angelica Panganiban,4399333,13081,2010-01-25T17:08:38.000Z,108345784,32
wossy,Jonathan Ross,4954211,26465,2008-11-30T11:53:25.000Z,17753033,12325
lucyhale,Lucy Hale,6760903,19646,2009-04-08T16:38:52.000Z,29756339,13594
bridgitmendler,Bridgit Mendler,4221422,9556,2009-05-03T17:25:10.000Z,37457377,2071
donghae861015,Super Junior Ïù¥ÎèôÌï¥,5329761,2367,2010-04-08T13:21:20.000Z,130834357,142554
JohnCleese,John Cleese,5693518,11250,2007-12-03T13:43:30.000Z,10810102,173063
souljaboy,Soulja Boy Draco üåπ,5400995,127646,2008-10-17T17:09:15.000Z,16827333,562856
PrinceRoyce,Prince Royce,6581745,17611,2009-08-12T22:38:20.000Z,65186457,82430
carrieunderwood,Carrie Underwood,8240617,5556,2011-10-06T22:36:16.000Z,386244525,65666
jesseyjoy,Jesse & Joy Oficial,5254332,30442,2009-03-31T16:48:05.000Z,27909036,3388
yokoono,Yoko Ono ‚òÅÔ∏è,4621582,13995,2008-11-27T16:06:43.000Z,17681513,46692
olla_ramlan,OR,4794837,27667,2009-07-22T17:22:44.000Z,59186139,163
DjokerNole,Novak Djokovic,8848053,3822,2011-03-02T21:44:22.000Z,259925559,237104
gabyespino,gaby espino,5221340,36759,2009-11-26T02:57:24.000Z,92670884,4486
Bellaudyaa,Laudya Cynthia bella,5644851,19240,2009-10-15T16:00:45.000Z,82648754,93
tyleroakley,tyler oakley,5437933,70657,2008-03-26T03:20:33.000Z,14222536,98050
johngreen,John Green,4632609,1019,2008-12-11T18:28:42.000Z,18055737,2726
BillSimmons,Bill Simmons,5681859,32121,2009-04-18T03:37:31.000Z,32765534,21448
DiegoForlan7,Diego Forl√°n,5083590,1832,2010-04-06T11:16:24.000Z,130122646,10326
llcoolj,LLCOOLJ,5007308,34066,2009-01-22T07:24:15.000Z,19330043,45414
facufacundo,Facundo,5229371,21707,2009-10-18T04:33:30.000Z,83297130,13504
iamsuperbianca,Bianca Gonzalez,7444073,57729,2009-04-18T03:00:09.000Z,32751684,36259
msdhoni,Mahendra Singh Dhoni,8347122,480,2009-11-26T07:42:07.000Z,92708272,558043
piersmorgan,Piers Morgan,8002225,144691,2010-11-16T09:37:44.000Z,216299334,3349735
Skrillex,Skrillex,5991282,14273,2009-01-10T03:49:35.000Z,18825961,16596
virendersehwag,Virender Sehwag,22301014,12105,2009-11-26T10:00:40.000Z,92724677,564848
jorgeemateus,Jorge & Mateus,9566725,20387,2009-05-19T03:19:53.000Z,41043596,41313
gitagut,Aluna Sagita Gutawa,4666836,8787,2009-11-15T06:15:43.000Z,90109872,204
Lord_Sugar,Lord Sugar,5205242,56933,2010-06-29T13:53:47.000Z,160926944,114160
MonsieurDream,cyprien,8626922,17011,2007-06-08T08:21:12.000Z,6661522,11788
CP3,Chris Paul,8393924,6504,2009-07-05T06:25:22.000Z,53853197,83990
iamjamiefoxx,Jamie Foxx,4637176,3295,2010-04-30T01:00:33.000Z,138600717,15310
IrfanBachdim10,Irfan Bachdim,4750853,3537,2010-11-12T00:34:26.000Z,214690684,568
kc_concepcion,KC üëë,1189,270,2016-10-09T09:06:30.000Z,785043752951742464,37
imdanielpadilla,Daniel Padilla,9042436,3258,2011-07-04T07:55:55.000Z,328918379,230311
gadelmaleh,GAD,7660810,5618,2012-02-21T13:41:53.000Z,498840131,8247
MarceloM12,Marcelotwelve,12253606,1981,2012-11-07T16:32:45.000Z,932429090,41666
micheltelo,Michel Tel√≥,5818628,167819,2009-05-06T14:14:20.000Z,38185503,24036
SalehAlmoghamsy,ÿßŸÑÿ¥ŸäÿÆ ÿµÿßŸÑÿ≠ ÿßŸÑŸÖÿ∫ÿßŸÖÿ≥Ÿä,6694820,11230,2011-04-01T14:05:34.000Z,275546719,13470
luckymanzano,Luis Manzano,5533372,60426,2010-04-19T02:47:09.000Z,134657984,8534
DONOMAR,DON OMAR aka KONG,5232607,45050,2010-06-11T18:13:18.000Z,154605679,3792
SteveCarell,Steve Carell,5573297,164,2012-02-22T18:57:30.000Z,500042487,8944
neiltyson,Neil deGrasse Tyson,14551044,7586,2009-01-29T18:40:26.000Z,19725644,356190
wisinyyandel,Wisin Y Yandel,4988991,10019,2009-03-19T23:34:16.000Z,25410548,3987
NoelSchajris,Noel Schajris,4530598,60342,2009-07-13T22:49:16.000Z,56521114,9244
RevRunWisdom,Rev Run,3941225,19682,2009-03-11T21:18:19.000Z,23832022,3092
SandraDewi88,Sandra Dewi,6555577,37815,2009-06-07T03:53:56.000Z,45278605,360
amrdiab,Amr Diab,11435085,3046,2009-06-10T22:42:29.000Z,46247180,27296
ShawnMendes,Shawn Mendes,26663636,15351,2011-09-24T22:29:41.000Z,379408088,1249095
syntekoficial,Aleks Syntek,4626570,22962,2009-04-29T06:53:00.000Z,36307418,2583
AdelAliBinAli,ÿπÿßÿØŸÑ ÿπŸÑŸä ÿ®ŸÜ ÿπŸÑŸä,2399549,148185,2012-04-01T23:32:10.000Z,542936786,953295
felipeneto,Felipe Neto,14011075,16773,2008-03-12T00:17:35.000Z,14128609,2910776
polo_polo,Polo Polo,4757903,6216,2008-08-21T17:27:53.000Z,15934029,839
GloriaTrevi,GloriaTrevi,5020099,56572,2009-10-29T17:34:24.000Z,86119466,36119
TheVijayMallya,Vijay Mallya,5776854,12189,2010-03-31T07:48:39.000Z,128155589,4755
Ashton5SOS,Ashton Irwin,6309333,12475,2011-12-17T11:46:12.000Z,439125710,1051596
Wale,Wale,6352027,24762,2008-12-06T21:15:10.000Z,17929027,165701
ChinoyNacho,Chino y Nacho,4532869,20511,2009-08-30T17:04:34.000Z,70162012,498
Riteishd,Riteish Deshmukh,11060291,28142,2009-07-18T18:37:27.000Z,57998991,60062
RealLamarOdom,LAMAR ODOM,3664518,652,2009-04-03T22:21:19.000Z,28669612,1960
PretaGil,Preta Gil,5537396,86782,2009-04-27T07:11:36.000Z,35693211,161847
TomCavalcante1,TOM CAVALCANTE,4743809,22611,2009-06-18T18:26:16.000Z,48440176,8056
RandyOrton,Randy Orton,6243389,3797,2010-07-20T19:16:21.000Z,168767461,233521
gadiiing,Gading Marten,4606860,55496,2009-09-05T08:06:14.000Z,71755580,459
DJPaulyD,DJ Pauly D,3703655,27817,2009-12-03T16:17:58.000Z,94360081,12088
LuceroMexico,Lucero,8620877,46715,2009-12-06T00:36:55.000Z,94900238,268672
paulitachaves,PAULA,5768637,30774,2010-06-27T20:33:46.000Z,160308387,16983
KevinSpacey,Kevin Spacey,4081906,2089,2009-03-29T16:55:27.000Z,27457788,1959
OzzyOsbourne,Ozzy Osbourne,5333566,6572,2009-03-17T21:56:55.000Z,24963961,58836
AdamSchefter,Adam Schefter,8640044,56625,2009-06-26T22:55:28.000Z,51263592,1790061
GaryLineker,Gary Lineker üíô,8210180,42183,2012-01-22T18:07:24.000Z,471287735,708518
VhongX44,Vhong Navarro,6896208,3731,2009-06-12T07:07:22.000Z,46602211,13126
JordinSparks,Jordin Sparks,3591196,46373,2009-01-26T20:27:11.000Z,19555067,6528
juliaperrez,juliaperez,5009349,88604,2009-12-30T18:28:03.000Z,100563581,75
rainnwilson,RainnWilson,4422703,21325,2009-01-28T05:28:45.000Z,19637934,91824
silagencoglu,Sƒ±la Gen√ßoƒülu,5579714,2197,2009-10-23T15:41:00.000Z,84620024,5047
QueenRania,Rania Al Abdullah,10440015,2211,2009-04-29T17:18:31.000Z,36412963,18104
hulyavsar,Hulya Avsar,4089341,4950,2009-11-22T18:55:09.000Z,91845185,2727
najwakaram,Najwa Karam,8539034,39869,2012-01-12T13:06:58.000Z,462004145,202141
DebbouzeJamel,Jamel Debbouze,7360749,5428,2011-02-20T14:34:14.000Z,255030147,2438
hazardeden10,Eden Hazard,7168790,1660,2011-09-02T13:16:31.000Z,366592246,116702
ajaydevgn,Ajay Devgn,14720560,3309,2009-08-14T15:25:45.000Z,65659343,838148
indrabektiasli,INDRA BEKTI,4115529,58542,2009-07-07T18:59:36.000Z,54641845,723
MirandaKerr,Miranda Kerr,4968941,3978,2010-05-07T02:19:22.000Z,141052723,2254
fayez_malki,ŸÅÿßŸäÿ≤ ÿßŸÑŸÖÿßŸÑŸÉŸä,7240861,47430,2012-06-26T16:18:54.000Z,619293948,219571
angelicaksy,angelica huck,4765209,6724,2009-06-11T01:15:01.000Z,46277588,5877
GaryBarlow,Gary Barlow,4114197,17261,2011-10-07T17:15:22.000Z,386654472,181562
TheShilpaShetty,SHILPA SHETTY KUNDRA,6246294,7202,2010-02-18T10:41:18.000Z,115341081,30171
aristeguicnn,Carmen Aristegui,7366636,2756,2010-07-21T23:53:51.000Z,169279319,49858
BillCosby,Bill Cosby,3227725,2614,2009-07-07T21:24:43.000Z,54682125,8616
tonyhawk,Tony Hawk,4546133,12942,2009-02-25T15:52:43.000Z,21879024,167728
noaheverett,‚ö°Ô∏è Noah,3271624,8997,2008-02-04T18:08:17.000Z,13058232,145
AndreaLegarreta,Andrea Legarreta,5543158,23113,2010-05-11T02:52:00.000Z,142519598,16828
tylerperry,Tyler Perry,6490675,2432,2009-07-20T21:35:27.000Z,58598187,114785
julietav,Julieta Venegas,4287709,15436,2009-05-09T15:32:20.000Z,38871237,18945
bipsluvurself,Bipasha Basu,6576962,12104,2010-01-22T05:12:58.000Z,107318424,31318
psy_oppa,PSY,4306056,4891,2012-08-06T09:15:58.000Z,740216334,60767
Caradelevingne,Cara Delevingne,9461429,7587,2011-06-22T12:42:03.000Z,321970500,8251
galifianakisz,zach galifianakis,3162051,107,2009-04-30T15:19:13.000Z,36686415,922
Nelly_Mo,Nelly_Mo,3739721,10908,2009-03-16T21:38:48.000Z,24775528,7923
DebbyRyan,debby ryan,3971710,24370,2009-03-06T02:50:58.000Z,23019705,8744
KellyOsbourne,Kelly!,3406709,16118,2009-05-19T22:34:19.000Z,41229669,4141
YordiRosado,Yordi Rosado,4182542,34235,2009-06-11T22:24:45.000Z,46508678,10994
eddieizzard,Eddie Izzard,4366965,9291,2009-03-14T23:13:44.000Z,24447643,56740
KapilSharmaK9,Kapil Sharma,18390891,10709,2013-06-08T10:19:55.000Z,1492538024,185885
cuneytozdemir,c√ºneyt √∂zdemir,7176515,40377,2009-04-12T10:09:17.000Z,30631061,196127
JoelOsteen,Joel Osteen,10083522,20689,2009-02-10T20:56:05.000Z,20545055,667780
dylanobrien,Dylan O'Brien,5794218,1619,2011-04-13T22:55:58.000Z,281766200,319314
diegotorres,Diego Torres,4454476,10434,2009-11-05T23:01:00.000Z,87808186,3787
KeriHilson,Keri Hilson,4228623,14301,2009-03-25T15:16:28.000Z,26516984,15910
yilmazerdogan,Yƒ±lmaz Erdoƒüan,4276476,885,2011-04-05T11:36:09.000Z,277444134,3493
realpreityzinta,Preity G Zinta,5523375,20666,2009-10-30T06:30:11.000Z,86254626,50825
rogerfederer,Roger Federer,12709060,2170,2013-04-08T22:33:48.000Z,1337785291,106678
GreenDay,Green Day,4912561,2496,2009-08-22T22:05:41.000Z,67995848,24642
PochoLavezzi,Ezequiel Lavezzi,5039140,3067,2011-08-09T22:24:59.000Z,351921957,2838
carlosvives,Carlos Vives,5254403,27493,2009-09-27T08:34:25.000Z,77694285,47116
jackwhitehall,Jack Whitehall,6115132,10637,2008-11-12T09:52:00.000Z,17336417,9420
alyankovic,Al Yankovic,4991609,4234,2009-03-02T07:00:29.000Z,22461427,19617
alexoficial,Alejandro Fern√°ndez,6757110,8506,2009-07-24T22:01:07.000Z,59900378,21878
MaiteOficial,Maite Perroni Fan Account,1063,67,2020-10-24T05:17:43.000Z,1319870618154815488,967
shreyaghoshal,Shreya Ghoshal,7142373,24281,2009-07-10T09:48:59.000Z,55520719,298392
LAURAGII,Laura G,4600743,150218,2009-08-10T16:30:30.000Z,64444249,26488
raghebalama,RaghebAlama,6243215,41654,2009-07-08T21:58:01.000Z,55043362,19837
wyclef,Wyclef Jean,3786656,33979,2009-02-12T07:11:07.000Z,20659839,19663
Alwaleed_Talal,ÿßŸÑŸàŸÑŸäÿØ ÿ®ŸÜ ÿ∑ŸÑÿßŸÑ,13445884,420,2013-03-05T20:53:23.000Z,1244602586,106586
Adela_Micha,Adela Micha,4898424,95019,2009-09-01T22:30:36.000Z,70805914,85715
tiesto,Ti√´sto,4801885,32970,2009-05-14T22:18:51.000Z,40101400,21488
paramore,paramore,5410198,5749,2009-05-28T00:20:32.000Z,43003845,20360
apriliokevin,Kevin Aprilio,3894318,308,2009-11-27T05:10:04.000Z,92907248,170
AshBenzo,Ashley Benson,3986907,22504,2009-04-20T17:48:24.000Z,33597201,3443
urgantcom,Ivan Urgant,4423243,1072,2010-02-15T20:38:49.000Z,114557496,2305
NormanDesVideos,NORMAN,7016942,5523,2009-06-09T15:45:54.000Z,45865160,1273
iyavillania,IyaVillaniaArellano,4400648,26180,2009-07-27T12:35:20.000Z,60583926,742
usainbolt,Usain St. Leo Bolt,4891694,7295,2009-06-06T11:27:52.000Z,45112524,47980
lancearmstrong,Lance Armstrong,3131498,13350,2008-10-13T20:59:15.000Z,16727535,1829
paulwesley,Paul Wesley,4230009,2145,2011-03-12T00:47:35.000Z,264498030,32600
LuisChataing,Luis Chataing,4751310,81619,2009-08-21T22:19:28.000Z,67736078,21288
aarbeloa17,√Ålvaro Arbeloa,5968572,7435,2009-04-24T15:13:37.000Z,34949757,3680
paulpierce34,Paul Pierce,4082936,1959,2009-03-27T22:31:10.000Z,27115071,21745
hitRECordJoe,Joseph Gordon-Levitt,4028912,50617,2009-03-17T00:45:00.000Z,24807616,267911
HamzaNamira,Hamza Namira,7900429,7151,2010-02-02T12:02:41.000Z,110681593,42897
MadhuriDixit,Madhuri Dixit Nene,10005686,8709,2010-11-27T04:09:16.000Z,220228167,120407
IAMJHUD,Jennifer Hudson,3922156,16824,2009-04-21T18:25:33.000Z,33990291,22796
mcuban,Mark Cuban,8545214,4091,2008-09-10T21:12:01.000Z,16228398,466691
DrOz,Dr. Mehmet Oz,3887418,19118,2009-05-07T22:20:44.000Z,38531995,44291
belindapop,Belinda,6496220,9026,2009-05-16T19:42:06.000Z,40527958,100534
JoyceMeyer,Joyce Meyer,6278990,74793,2008-08-11T15:23:12.000Z,15809249,114824
ValeYellow46,Valentino Rossi,5543468,4811,2011-10-07T08:00:32.000Z,386420143,85181
Poconggg,Pocong,4945602,30614,2009-08-15T08:57:25.000Z,65863622,9777
gulbenergen,G√ºlben Ergen,4289627,53630,2009-11-10T19:55:34.000Z,89006817,20538
ElBaradei,Mohamed ElBaradei,6352270,4088,2010-03-03T12:09:47.000Z,119360445,20862
jimjonescapo,Jim Jones,3387241,19880,2009-02-23T23:10:39.000Z,21705616,8817
abdulrahman,ÿπÿ®ÿØÿßŸÑÿ±ÿ≠ŸÖŸÜ ÿ®ŸÜ ŸÖÿ≥ÿßÿπÿØ ÿ®ŸÜ ÿπÿ®ÿØÿßŸÑÿπÿ≤Ÿäÿ≤üá∏üá¶,8139911,45703,2011-06-23T13:09:30.000Z,322606204,289225
joelmchale,Joel McHale,3314861,8077,2008-04-24T03:43:24.000Z,14506253,12423
jaimecamil,Jaime Camil,4152665,14587,2010-01-28T01:22:09.000Z,109118967,8040
acunilicali,Acun Ilƒ±calƒ±,5860466,632,2011-07-26T06:29:37.000Z,342562305,249694
alinebarros,Aline Barros,4735111,16037,2009-05-11T20:50:06.000Z,39338168,1594
luisnani,Nani,3892453,1791,2011-02-15T20:57:55.000Z,252753618,12257
OfficialWillow,WILLOW,3387327,1262,2010-09-01T18:34:57.000Z,185739738,7810
ahmethc,ahmet hakan,5689865,47667,2009-08-07T18:42:17.000Z,63796949,101931
bigtimerush,Big Time Rush,3322631,873,2009-10-03T18:43:44.000Z,79536438,30647
_Pedro17_,Pedro Rodr√≠guez,4875210,869,2011-11-02T18:06:24.000Z,403580183,9720
Schofe,Phillip Schofield,4495997,36320,2009-01-13T21:01:47.000Z,18953259,26922
pamyurin,„Åç„ÇÉ„Çä„Éº„Å±„Åø„ÇÖ„Å±„Åø„ÇÖ,5090928,17912,2010-11-27T13:30:22.000Z,220332457,47538
EmilyOsment,Emily Osment,3123415,9191,2009-02-19T18:19:11.000Z,21323673,3031
itsenriquegil,Enrique Gil,5568836,1610,2010-08-26T02:45:11.000Z,183078358,119194
samuelmilby,Sam Milby,4973191,5595,2009-10-19T14:37:01.000Z,83613107,1488
FinallyMario,Mario Balotelli,3550101,1217,2013-05-16T12:35:27.000Z,1432977446,4567
DollyParton,Dolly Parton,5299947,2636,2008-05-15T20:00:06.000Z,14790966,384196
ChrisMoyles,Chris Moyles,3525901,14418,2009-02-03T16:39:29.000Z,19982092,9810
BradPaisley,Brad Paisley,4308929,8081,2009-05-20T01:37:57.000Z,41265813,16728
HaifaWehbe,Haifa Wehbe,7197833,22674,2009-02-14T08:41:59.000Z,20837438,45338
DannyDeVito,Danny DeVito,4230183,7414,2009-09-05T19:44:48.000Z,71876190,22537
robdyrdek,Rob Dyrdek,3086943,9547,2008-05-02T04:21:42.000Z,14622632,3494
JENNIWOWW,JWOWW,3091676,28725,2009-12-01T20:25:57.000Z,93935921,9596
mangeshkarlata,Lata Mangeshkar,14836156,3481,2010-06-13T07:32:59.000Z,155151279,171676
PaulaFernandes7,Paula Fernandes,4535164,4683,2010-03-29T23:24:56.000Z,127680499,7479
PrincesSyahrini,Syahrini,3712167,3293,2010-06-21T13:35:51.000Z,157998843,184
jasonderulo,Jason Derulo,3745769,15443,2009-04-01T09:05:46.000Z,28076276,60304
zoetheband,ZO√â,4458928,9289,2009-04-14T22:03:12.000Z,31241437,11594
brunogagliasso,Bruno Gagliasso - Pai de 3,5655029,30254,2009-05-19T02:39:37.000Z,41036546,794390
Schwarzenegger,Arnold,4938766,7459,2008-01-09T21:12:40.000Z,12044602,702240
BruMarquezine,Bruna Marquezine,9900592,18965,2009-07-20T21:55:48.000Z,58603510,131326
JoshDevineDrums,Josh Devine,3195447,11993,2010-02-07T23:21:39.000Z,112289040,23993
pedroalfonsoo,Pedro Alfonso,4880290,22075,2010-05-25T04:29:46.000Z,147828409,6085
KeshaRose,kesha,3211670,8045,2009-03-23T21:07:57.000Z,26090319,39384
UncleRUSH,Russell Simmons,4429168,68209,2009-03-18T17:19:28.000Z,25110374,1017
JakeTAustin,Jake T. Austin,2870904,3549,2009-02-01T23:15:53.000Z,19882775,538
officialtulisa,Tulisa,3011908,8789,2010-01-30T00:04:35.000Z,109705251,646
EleanorJCalder,Eleanor Calder,2810369,1723,2012-01-14T22:04:56.000Z,464139666,12768
ochocinco,Chad Johnson,3266806,168872,2009-05-16T18:55:22.000Z,40519997,271625
chrisrock,Chris Rock,5223548,2609,2011-01-14T22:11:56.000Z,238319766,16201
sneijder101010,Wesley Sneijder,3930730,1569,2011-04-09T08:55:16.000Z,279452961,11578
SeanKingston,SEAN KINGSTON ¬©,2904925,24691,2009-03-10T20:24:51.000Z,23648057,2960
brozoxmiswebs,brozo xmiswebs,6751580,73731,2010-01-21T16:20:18.000Z,107120856,954641
MuratBoz,Murat Boz,3732034,638,2009-12-11T19:07:18.000Z,96185337,13164
vjdaniel,VJ Daniel Mananta,5532886,6369,2008-11-10T10:25:42.000Z,17284624,2639
amandabynes,amanda bynes,2590838,12,2011-01-27T01:45:46.000Z,243442402,1057
FePaesLeme,F√™ Paes Leme,4294315,36776,2009-06-25T23:48:05.000Z,50821343,173311
jessicacediel,Jessica Cediel,5067578,31474,2010-03-08T16:59:43.000Z,121169579,3290
ANAMARIABRAGA,Ana Maria Braga,4669175,13192,2009-04-30T14:52:04.000Z,36679967,320107
MCHammer,MC HAMMER,3239409,99665,2007-05-23T22:50:33.000Z,6273552,93690
giseleofficial,Gisele B√ºndchen,4617762,4686,2009-07-10T14:22:07.000Z,55573873,27940
Fergie,Fergie,3795879,4544,2011-02-01T22:15:24.000Z,245992215,5469
Fonseca,Fonseca,4109239,17897,2009-06-08T14:49:28.000Z,45580261,5524
dumbassgenius,Rick G. Rosner,893025,63723,2010-08-03T06:03:04.000Z,174144887,14229
mrsayudewi,Ayu Dewi,4194019,12697,2009-04-26T14:17:28.000Z,35472557,5655
battalalgoos,ÿ®ÿ™ÿßŸÑ ÿßŸÑŸÇŸàÿ≥,6050555,37775,2011-02-13T13:31:17.000Z,251600033,70291
NellyFurtado,Nelly Furtado,2991730,90,2009-06-25T20:02:18.000Z,50751556,6245
kuyakim_atienza,kim atienza,4198581,43253,2010-04-06T23:08:30.000Z,130307120,4120
nikkigil,Nikki Gil-Albert,3888911,13064,2009-05-09T07:02:35.000Z,38815052,171
maddow,Rachel Maddow MSNBC,10564255,18965,2008-09-04T15:02:12.000Z,16129920,1667836
questlove,B.R.O.theR. ?uestion,3367511,79035,2008-05-29T02:17:23.000Z,14939981,89701
ErikaDLV,Erika de la Vega,4298505,21528,2009-08-05T21:30:36.000Z,63263205,8969
RomeoSantosPage,Romeo Santos,4770329,4649,2011-04-04T21:21:17.000Z,277180205,10544
YUVSTRONG12,Yuvraj Singh,5484801,9867,2009-07-24T15:26:22.000Z,59808841,197148
TravieMcCoy,Travie McCoy,2878373,5192,2009-05-11T19:52:56.000Z,39325978,513
LaurenConrad,Lauren Conrad,2904340,7126,2009-04-21T23:54:03.000Z,34097876,1340
21LVA,David Silva,4070155,1033,2012-04-02T16:19:00.000Z,543533194,27707
CaioCastro,Caio Castro,3585361,3431,2009-06-10T02:14:06.000Z,46011743,2106
thiaguinhocomth,THiaguinho,5064323,30539,2009-08-04T19:12:44.000Z,62900439,49868
AHMTKURAL,Ahmet Kural,3983316,839,2012-07-17T20:14:04.000Z,701699418,721
Titi_KamaLL,Titi Kamal,4193086,28053,2009-08-26T14:40:02.000Z,68997312,383
RealVolya,–ü–∞–≤–µ–ª –í–æ–ª—è,4194988,2653,2010-09-29T17:25:43.000Z,196679942,1417
rialjorge,JORGE RIAL,3442952,85234,2010-03-20T14:48:04.000Z,124779370,149591
brookeburke,Brooke Burke,2831756,27400,2008-12-28T02:44:03.000Z,18420140,528
MrPeterAndre,Peter Andre,3123781,14497,2009-03-13T00:42:33.000Z,24086418,6490
ToniKroos,Toni Kroos,9407484,3045,2011-07-06T16:47:56.000Z,330446733,198027
mustafaceceli,Mustafa Ceceli,3952423,8447,2009-05-30T11:03:01.000Z,43513715,2346
SamiAlJaber,ÿ≥ÿßŸÖŸä ÿßŸÑÿ¨ÿßÿ®ÿ±,7362500,7367,2011-02-18T18:19:34.000Z,254152016,171682
GiulianaRancic,Giuliana Rancic,2985811,19232,2009-02-23T19:12:50.000Z,21681809,382
shfly3424,Yesung,5132993,3907,2010-06-07T04:50:16.000Z,152902472,875786
lopezandres,Andres Lopez Forero,3394219,29905,2009-04-21T13:41:09.000Z,33905807,1201
JoeyEssex_,Joey Essex,3138341,24742,2011-02-10T12:00:50.000Z,250090860,1646
heidiklum,Heidi Klum,4857295,6995,2011-03-07T22:19:11.000Z,262359713,4783
lala,LA LA,4615187,28793,2009-03-17T22:17:13.000Z,24967668,9480
GemmaAnneStyles,Gemma Styles,3842277,10331,2010-02-08T15:32:23.000Z,112457675,253602
mustafa_agha,#ŸÖÿµÿ∑ŸÅŸâ_ÿßŸÑÿ¢ÿ∫ÿß Mustafa Agha,4649758,149394,2011-08-09T11:20:09.000Z,351528904,104545
RobertsEmma,Emma Roberts,3354352,7216,2009-03-30T16:52:12.000Z,27678749,6392
BustaRhymes,Busta Rhymes,3865095,31425,2009-03-13T23:17:17.000Z,24278900,19055
manomenezes,Mano Menezes,2921212,1240,2009-03-30T19:36:29.000Z,27710376,350
NathanFillion,Nathan Fillion,3326225,11992,2009-04-15T05:57:40.000Z,31353077,37976
pattiemallette,Pattie Mallette,3125662,6600,2009-01-28T22:09:07.000Z,19679611,18907
6BillionPeople,MarQuis Trill | Cryptocurrency & Blockchain Mentor,2083405,183282,2009-04-21T14:43:32.000Z,33923443,13009
waleedalfarraj,#ŸàŸÑŸäÿØ_ÿßŸÑŸÅÿ±ÿßÿ¨,7135935,47016,2010-11-28T04:01:57.000Z,220557145,240232
cerati,Gustavo Cerati,3404294,647,2007-08-18T22:38:39.000Z,8273632,11762
myfabolouslife,Fabolous,4118505,21337,2009-02-19T05:19:42.000Z,21278412,8450
danawhite,danawhite,5720625,38685,2009-02-22T18:44:49.000Z,21586418,249254
EspinozaOficial,Espinoza Paz ü§†,3273042,9138,2010-05-20T21:08:19.000Z,146200269,1593
Khunnie0624,‡∏ô‡∏¥‡∏ä‡∏Ñ‡∏∏‡∏ì Buck ‡∏´‡∏£‡πÄ‡∏ß‡∏ä‡∏Å‡∏∏‡∏•,6932240,5594,2010-03-05T18:09:01.000Z,120178497,30769
Sethrogen,Seth Rogen,9221377,11073,2011-12-21T23:17:52.000Z,443215941,1037564
andy_murray,Andy Murray,3530211,3073,2008-03-11T14:22:56.000Z,14123683,16478
JohnBishop100,John Bishop,3486834,11055,2009-06-11T08:29:14.000Z,46345843,24335
corbuzier,Corbuzier,4266326,17127,2009-06-19T20:49:43.000Z,48823885,73705
ceracoat,Dr Elio Keller,805668,5202,2009-09-27T19:36:45.000Z,77812872,121
DavidKWilliams,DavidKWilliams,846812,27845,2009-04-23T20:20:53.000Z,34717352,255
michkeegan,michelle keegan,3423368,11124,2010-11-29T20:12:35.000Z,221122127,6315
Slash,Slash,3551917,13739,2009-03-04T20:51:27.000Z,22832029,31549
deadmau5,Goat lord,3444255,43536,2009-03-01T21:59:41.000Z,22412376,21151
PBiaL,Pedro Bial,3643558,1524,2009-08-11T00:17:31.000Z,64563165,8457
BRUNOIERULLO,BRUNO IERULLO,956975,1025,2009-04-07T12:59:13.000Z,29441764,11
NOAH_ID,NOAH,4583367,22455,2010-01-08T08:37:53.000Z,102928627,3257
themichaelowen,michael owen,3749934,14761,2010-11-16T06:15:01.000Z,216264820,18097
DrakeBell,DrakeBell.eth üá≤üáΩ,4559745,3380,2009-06-13T20:29:33.000Z,46957344,9343
AnselElgort,Ansel,3319664,1989,2010-11-16T01:32:37.000Z,216201838,1126
SaraBareilles,Sara Bareilles,2838630,13417,2007-05-21T23:17:07.000Z,6211972,17519
Tbambino,Tito El Bambino ü¶Ö‚ú®,4098793,25872,2009-08-13T18:36:30.000Z,65432405,2804
isco_alarcon,ISCO ALARCON,5512629,1008,2011-05-24T19:47:37.000Z,304596944,11007
VigilanteArtist,Alejandro Vigilante,576852,52516,2010-07-21T23:30:31.000Z,169272033,190693
Manuel_Neuer,Manuel Neuer,3969827,156,2013-03-15T10:48:16.000Z,1269425228,48058
kevadamsss,Kev Adams,6064848,12634,2009-07-10T17:27:37.000Z,55616342,4279
sethmeyers,Seth Meyers,4959939,10395,2009-06-02T02:35:39.000Z,44039298,36432
AndreaSernaTV,Andrea Serna,3660761,30194,2010-05-13T16:20:34.000Z,143490635,1084
special1004,Lee Teuk,4380686,3201,2010-04-25T05:24:02.000Z,136885994,161173
JanetJackson,Janet Jackson,3820863,2109,2009-07-02T02:25:48.000Z,52939106,188354
paugasol,Pau Gasol,7273698,14821,2010-07-06T18:37:04.000Z,163559269,163818
billmaher,Bill Maher,10971950,4993,2009-01-29T05:19:44.000Z,19697415,177964
JBALVIN,J BALVIN,10093557,31460,2009-06-04T17:41:41.000Z,44670915,188805
RolaWorLD,ROLA,4205251,3474,2012-02-27T01:02:11.000Z,505218781,9630
VINNYGUADAGNINO,Vinny Guadagnino,2817633,16262,2009-12-08T22:22:20.000Z,95515846,14135
MsLeaSalonga,Lea Salonga,5655472,30207,2009-04-16T07:41:07.000Z,31685653,251998
jack,jack‚ö°Ô∏è,5795229,27946,2006-03-21T20:50:14.000Z,12,3307870
manuginobili,Manu Ginobili,4810707,6637,2009-03-14T06:48:43.000Z,24342206,11757
ilovegeorgina,Georgina Wilson,4114693,19026,2009-02-27T02:20:22.000Z,22096068,174
jackybrv,JACKY BRACAMONTES,3392862,11506,2009-07-20T17:51:37.000Z,58538830,4624
Tyrese,#VisionImplementor,2910313,49952,2009-03-16T01:05:30.000Z,24621955,6134
ReikMx,Loquita,4000128,21743,2009-06-16T19:29:45.000Z,47719006,16055
DaneCook,Dane Cook,2780669,18960,2009-02-16T11:28:12.000Z,20978103,8644
JerrySeinfeld,Jerry Seinfeld,4297482,1685,2011-07-15T19:26:31.000Z,336116660,17680
geneliad,Genelia Deshmukh,5209327,8425,2009-11-26T10:16:23.000Z,92726549,29791
D_Copperfield,David Copperfield,975159,12310,2009-07-04T02:26:12.000Z,53569692,2360
drdrew,Dr. Drew,2648199,16173,2008-04-24T18:35:47.000Z,14515734,72224
marley_ok,MARLEY - ALE WIEBE,5192522,44065,2009-05-11T14:29:50.000Z,39261061,39391
andreolifelipe,@andreolifelipe,3394002,29676,2009-04-23T00:30:51.000Z,34461692,50448
1LoganHenderson,LÃ∂OÃ∂GÃ∂AÃ∂NÃ∂,2777692,3733,2010-01-26T07:10:25.000Z,108538006,6316
Ibra_official,Zlatan Ibrahimoviƒá,7716534,753,2012-01-12T10:44:34.000Z,461922813,231797
handeyener,Hande Yener,3486633,65956,2010-06-18T12:01:10.000Z,156954768,5641
smosh,Smosh,2694280,46751,2009-01-27T17:55:24.000Z,19604744,19552
Caitlyn_Jenner,Caitlyn Jenner,3411201,847,2015-05-30T01:08:18.000Z,3303293865,5888
common,COMMON,5422949,15125,2008-11-04T21:18:21.000Z,17169320,153117
susoelpaspi,Suso el Paspi,3718770,43587,2009-08-27T20:33:21.000Z,69396376,4236
DaRealAmberRose,Amber Rose,3817837,14367,2010-06-14T16:58:19.000Z,155620016,3987
Asli_Jacqueline,Jacqueline Fernandez,15340171,7456,2009-10-04T11:16:08.000Z,79708561,108549
Benzema,Karim Benzema,13411749,2581,2013-10-16T11:19:37.000Z,1964571728,333282
MarthaStewart,Martha Stewart,3495608,9612,2009-02-19T18:25:14.000Z,21324258,14204
jamesmaslow,James Maslow,2932390,14392,2009-08-29T01:32:02.000Z,69751644,17880
lafouine78,La Fouine,4751282,43627,2009-02-24T10:56:06.000Z,21744528,10812
oscar8,Oscar,4464256,1370,2014-05-06T15:05:20.000Z,2533070650,19910
Su_Gimenez,Susana Gimenez,4135260,785,2010-05-05T19:17:21.000Z,140538938,3514
DavidHenrie,David Henrie,2571375,10274,2009-02-11T19:57:37.000Z,20620967,6597
Caspar_Lee,Caspar Lee,5120931,9150,2010-11-16T18:17:37.000Z,216430965,226
steveaoki,Steve Aoki,8212385,46101,2008-10-28T11:19:27.000Z,17019152,277534
BoAkwon,BoA,3154719,2095,2010-07-23T14:28:44.000Z,169927844,7994
VeraBrezhneva,–í–µ—Ä–∞ –ë—Ä–µ–∂–Ω–µ–≤–∞,2918790,5616,2010-03-29T23:25:56.000Z,127680760,70
DaniellePeazer,Danielle Peazer,2399486,23270,2010-01-15T23:35:33.000Z,105296218,1228
JHarden13,James Harden,7248214,13234,2009-06-25T23:23:37.000Z,50811932,267097
shrutihaasan,shruti haasan,7850589,16825,2009-04-21T10:35:52.000Z,33868638,1042776
Joey7Barton,Joey Barton,2926726,21294,2010-07-14T23:34:19.000Z,166767883,18422
MirzaSania,Sania Mirza,9149289,7751,2009-11-03T12:02:55.000Z,87174678,10076
steveaustinBSR,Steve Austin,4701919,35413,2010-02-10T03:27:14.000Z,112915037,190629
krungy21,Sandara Park,5782963,8720,2012-09-17T09:51:13.000Z,828742454,327028
ninagarcia,Nina Garcia,3118457,36290,2010-06-21T21:32:40.000Z,158128894,23173
farisf9,ŸÅÿßÿ±ÿ≥ ÿπŸàÿ∂,4973612,34396,2010-07-05T14:15:22.000Z,163082968,96265
Imaginedragons,Imagine Dragons,5683201,8412,2009-09-21T00:37:53.000Z,75916180,81146
HayesGrier,Hayes Grier,3600724,8743,2011-07-07T01:15:54.000Z,330705266,9096
ryeong9,Ryeong9,12805,0,2016-04-07T11:01:03.000Z,718030824117968897,714
AlbertoCiurana,Alberto Ciurana,1100801,90418,2009-03-15T12:23:20.000Z,24516380,27415
shaymitch,Shay Mitchell,3037677,23246,2009-02-18T17:51:56.000Z,21219827,8768
mynameisrossa,Rossa Roslaina,4192291,18675,2010-08-19T14:50:16.000Z,180396151,22905
troyesivan,üëºüèº,9045825,18319,2009-07-03T09:00:57.000Z,53338746,52384
ReggieBush,Reggie Bush,2685778,9050,2009-08-04T19:20:45.000Z,62902439,12247
mh_awadi,ŸÖÿ≠ŸÖÿØ ÿßŸÑÿπŸàÿ∂Ÿä,4139580,37531,2011-07-13T19:54:03.000Z,334865866,12870
chinasuarez,Eugenia Suarez ‚ôõ,3962322,11384,2010-06-09T01:12:50.000Z,153619589,28550
Metallica,Metallica,5980222,4640,2011-01-15T07:34:59.000Z,238475531,73728
bhogleharsha,Harsha Bhogle,8617848,61997,2009-10-01T16:18:03.000Z,78941611,448903
dedesecco,Deborah Secco,4312984,17444,2010-04-23T03:49:26.000Z,136140018,405789
GNev2,Gary Neville,4814137,16526,2011-04-25T19:27:56.000Z,287834630,396167
StephenCurry30,Stephen Curry,15570104,7614,2009-05-26T04:15:37.000Z,42562446,804312
TimTebow,Tim Tebow,4539147,2982,2010-07-13T19:07:23.000Z,166270127,62641
LewisHamilton,Lewis Hamilton,6660481,1134,2010-11-10T06:48:29.000Z,213969309,300686
gio_antonelli,Giovanna Antonelli,4127908,24014,2010-05-10T22:47:04.000Z,142448465,10011
jhutch1992,Josh Hutcherson,2306914,586,2009-06-03T07:05:45.000Z,44312605,805
Torres,Fernando Torres,3644417,1509,2011-10-20T09:23:11.000Z,394581283,45138
amrwaked,Amr Waked,7286350,22488,2010-12-24T22:20:19.000Z,230288829,18328
bomanirani,Boman Irani,5498947,9036,2010-02-11T07:44:23.000Z,113278275,5611
lenadunham,Lena Dunham,5279125,14653,2009-04-14T07:35:38.000Z,31080039,8314
assihallani,Assi El Hallani,3587641,49531,2012-09-09T07:35:39.000Z,812613596,20582
LeighFrancis,Leigh Francis,2799976,58723,2009-02-11T21:57:48.000Z,20632700,762
williecolon,Willie Col√≥n,2001419,72600,2009-06-13T16:54:17.000Z,46919513,68848
7sainaljassmi,Aljassmi ÿ≠ÿ≥ŸäŸÜ ÿßŸÑÿ¨ÿ≥ŸÖŸä,7154801,11459,2011-06-12T21:36:45.000Z,316053407,71250
FLOTUS,Jill Biden,3354780,223,2021-01-13T00:57:47.000Z,1349154719386775552,2080420
eseryenenler,Eser YENENLER,3617712,1734,2009-11-10T11:53:09.000Z,88910796,3420
theweeknd,The Weeknd,15158098,4028,2011-02-21T07:45:45.000Z,255388236,2399843
PearlJam,Pearl Jam,3510171,9169,2008-06-18T06:59:14.000Z,15155074,39471
AllRiseSilver,Dalnim,2828110,1397,2010-05-19T07:10:42.000Z,145548166,78915
ShawnMichaels,Shawn Michaels,4046110,24946,2010-05-03T21:31:44.000Z,139848744,33652
shitmydadsays,Justin,2270517,173,2009-08-03T18:20:34.000Z,62581962,178
TheVampsband,The Vamps,3773363,22993,2012-06-25T18:43:45.000Z,618336955,32935
IAmSteveHarvey,Steve Harvey,4436714,70370,2009-12-14T21:41:34.000Z,96846955,168487
ABdeVilliers17,AB de Villiers,8024390,5605,2010-05-03T23:10:45.000Z,139876086,161408
ErinAndrews,Erin Andrews,2687004,23097,2010-03-08T02:12:04.000Z,120943272,7844
OscarFilho,Oscar Filho,3033760,14384,2007-10-05T01:48:15.000Z,9255842,10030
sardesairajdeep,Rajdeep Sardesai,9033675,70586,2009-07-13T06:14:44.000Z,56304605,672893
wilw,Wil Wheaton,2743108,74022,2007-03-14T21:25:33.000Z,1183041,2447
prattprattpratt,chris pratt,7985354,4187,2011-01-22T03:49:01.000Z,241382835,36198
itsgabrielleu,Gabrielle Union,4467345,29244,2011-02-24T07:48:58.000Z,256881576,137764
sertaberener,Sertab Erener,3007908,5210,2009-04-16T18:25:56.000Z,32062132,3433
Jason_Aldean,Jason Aldean,3713242,18726,2008-05-15T20:22:17.000Z,14791251,14624
MikaSingh,King Mika Singh,4153600,33135,2012-06-20T08:01:31.000Z,613321095,33955
ChrisEvans,Chris Evans,15158109,1978,2012-05-14T16:23:02.000Z,580097412,491141
matsu_bouzu,ÊùæÊú¨‰∫∫Âøó,8264552,822,2013-05-04T06:48:33.000Z,1401587503,149956
jimmyeatworld,Jimmy Eat World,2384202,6829,2008-06-03T16:29:21.000Z,14994465,9361
MarkWright_,Mark Wright,2655277,16640,2009-06-09T13:03:24.000Z,45831321,9992
cher,Cher,3947304,34561,2010-03-17T23:05:55.000Z,124003770,278147
Alyssa_Milano,Alyssa Milano,3660104,74472,2009-03-26T00:34:20.000Z,26642006,485068
LisaSurihani,Lisa Surihani,3775427,23677,2009-07-18T10:39:33.000Z,57905993,390
lorenzojova,Lorenzo Jovanotti,3736461,16656,2010-01-03T17:46:53.000Z,101532373,4862
ThatKevinSmith,KevinSmith,3102682,37284,2008-05-07T01:18:24.000Z,14681605,96959
MarioGoetze,Mario G√∂tze,4244052,1376,2011-07-26T08:29:14.000Z,342599843,4031
BDUTT,barkha dutt,7215713,144726,2009-02-02T20:36:36.000Z,19929890,236141
thebeatles,The Beatles,3820522,5497,2009-03-30T23:31:05.000Z,27760317,119270
kasimf,ŸÅŸäÿµŸÑ ÿßŸÑŸÇÿßÿ≥ŸÖ,5824649,120732,2009-12-11T07:53:15.000Z,96083073,178535
SintoniaVerso,Frases,4133869,162204,2011-09-30T11:35:51.000Z,382613598,4197
Javier_Alatorre,Javier Alatorre,3915640,8662,2009-09-18T17:22:24.000Z,75334313,24115
AxelOficial,Axel,3982415,21959,2009-04-27T22:02:09.000Z,35877056,73081
KadimAlSahirORG,ŸÉÿßÿ∏ŸÖ ÿßŸÑÿ≥ÿßŸáÿ±  Kadim Al Sahir,7438984,4285,2012-02-22T22:06:19.000Z,500194345,22532
Niltakipte,Nil Karaibrahimgil,2682736,4339,2009-02-08T03:16:29.000Z,20348773,996
MagicJohnson,Earvin Magic Johnson,5158762,11745,2011-02-07T23:29:07.000Z,248900032,134981
BSchweinsteiger,Bastian Schweinsteiger,4990349,1713,2013-03-20T15:29:50.000Z,1283561876,9395
KP24,Kevin Pietersenü¶è,3790871,25248,2010-07-26T16:06:52.000Z,171117515,235630
Buenafuente,Andreu Buenafuente,3612973,14412,2007-06-14T10:07:20.000Z,6809022,42249
ashleesimpson,Ashlee Simpson Ross,2201566,1288,2009-03-26T23:23:55.000Z,26885308,1010
pabloalboran,Pablo Albor√°n,3760185,27275,2010-03-04T16:22:49.000Z,119776110,140434
SSantiagosegura,Santiago Segura,3300519,55762,2010-01-16T11:20:59.000Z,105451020,12847
drdre,Dr. Dre,2948489,168,2009-04-01T22:08:11.000Z,28209292,41821
KatGraham,Kat Graham,1949864,23971,2008-12-30T05:31:31.000Z,18470958,37449
elonmusk,Elon Musk,61115743,15714,2009-06-02T20:12:29.000Z,44196397,14968780
desta80s,Deddy Mahendra Desta,3059384,9705,2009-06-08T12:43:17.000Z,45556398,4219
MissyElliott,Missy Elliott,6906213,84605,2010-05-19T03:42:32.000Z,145499533,253387
mariagadu,Maria Gad√∫,2648295,5359,2009-06-02T22:45:23.000Z,44229128,38251
solennheussaff,Solenn Heussaff,4186250,23813,2010-01-28T09:39:18.000Z,109213578,568
DennyCagur,Denny Cagur,3095363,27636,2009-09-29T05:14:31.000Z,78223605,428
Podolski10,Lukas-Podolski.com,3411584,8733,2009-01-27T15:26:17.000Z,19596687,32623
ImRo45,Rohit Sharma,19516280,2536,2010-03-08T08:56:53.000Z,121046433,893290
macklemore,Macklemore,2270296,18561,2008-12-16T09:31:07.000Z,18159470,7602
willylevy29,William Levy,2956719,4507,2010-06-08T05:05:02.000Z,153295172,24727
TheRealMikeEpps,Mike Epps,3312672,36636,2009-05-09T05:04:41.000Z,38802447,2681
tarkan,Tarkan,3775827,526,2010-07-05T14:14:29.000Z,163082695,16418
10neto,Craque Neto 10,3739044,15234,2009-08-17T19:29:07.000Z,66458391,49739
FannyLu,FannyLu,2794255,11681,2009-04-03T20:07:00.000Z,28641033,1875
thekillers,The Killers,4802823,1438,2009-01-28T16:49:36.000Z,19661294,18319
markhoppus,œªùîû‚ìáùî® ùêáùëú∆§ùê©‡∏¢ùìº,2726539,2985,2009-02-26T01:54:14.000Z,21955058,35956
haashoficial,Ha*Ash,5657364,13256,2009-05-27T16:24:54.000Z,42916821,22637
germanpaoloski,German Paoloski,3163080,30314,2010-02-25T01:07:05.000Z,117251043,2569
LizGillies,Elizabeth Gillies,3364738,13534,2009-04-30T16:29:34.000Z,36704352,60154
ActorLeeMinHo,Lee Min Ho,3135257,756,2010-06-30T20:16:29.000Z,161419220,148014
notch,Notch,3675560,87883,2009-08-06T17:08:06.000Z,63485337,30206
YALINonline,Yalƒ±n,3240824,2058,2009-03-05T14:29:38.000Z,22924311,729
radioleary,Dermot O'Leary,2686783,18744,2010-08-09T17:33:02.000Z,176486829,37861
russwest44,Russell Westbrook,6798960,5961,2009-04-28T03:59:26.000Z,35982046,145998
henrylau89,Henry Lau,3471934,1860,2010-04-09T19:32:18.000Z,131264923,65652
Trevornoah,Trevor Noah,11563662,11406,2009-06-11T07:03:48.000Z,46335511,196832
OneRepublic,ONEREPUBLIC,3195602,15171,2009-02-17T21:31:30.000Z,21133007,8204
rampalarjun,arjun rampal,4465817,5601,2010-01-27T13:27:14.000Z,108936259,20468
officialJKT48,JKT48,4415579,21020,2011-08-09T11:36:38.000Z,351535962,156247
TheFarahKhan,TheFarahKhan,6910646,4143,2010-09-27T11:27:40.000Z,195703895,14781
RyanSheckler,Ryan Sheckler,2772705,4574,2009-04-08T22:34:29.000Z,29842036,1882
vazqueznico,Nicolas Vazquez üá¶üá∑,3286717,22107,2010-04-02T18:51:58.000Z,128958788,4903
hardwick, û…îiwb…ø…íH ÍôÖi…ø ú∆Ü,2488755,40374,2008-07-30T21:20:18.000Z,15666380,1076
AlvaroMorata,√Ålvaro Morata,4295358,2421,2010-07-28T08:42:37.000Z,171840420,23254
kerrywashington,kerry washington,5523661,33630,2010-10-20T15:26:40.000Z,205302299,223863
cortezrafa,Rafael Cortez,3409424,10751,2009-06-15T05:00:18.000Z,47263956,700
Omar_Almulhem,ÿπŸÖÿ± ÿßŸÑŸÖŸÑÿ≠ŸÖ  MBS,2466165,59399,2012-02-07T20:52:39.000Z,486023178,822
BethanyMota,Bethany Mota ‚àû,4794192,25446,2009-06-13T05:18:09.000Z,46832898,2944
Thiago6,Thiago Alcantara,3967352,2382,2010-06-07T11:38:11.000Z,152987149,102549
TheCarlosPena,Carlos PenaVega,2575851,8643,2010-03-06T20:33:05.000Z,120557765,7912
AlfredoFlores,Alfredo Flores,2455784,41288,2009-01-29T23:59:18.000Z,19743731,55872
jackgilinsky,G,2942418,6183,2011-04-07T02:12:22.000Z,278328390,4674
CAROLE_SAMAHA,CAROLE SAMAHA,4901415,38114,2010-06-24T10:54:23.000Z,159068666,30651
TonyRobbins,Tony Robbins,3160107,11612,2008-11-09T09:06:32.000Z,17266725,18937
GaryValenciano1,GARY VALENCIANO,4089129,28454,2010-04-22T14:11:39.000Z,135901326,48634
KendraWilkinson,Kendra Wilkinson,2228342,22295,2009-04-08T02:07:16.000Z,29611918,3051
4everBrandy,b r a n d y,3200856,20368,2009-03-29T10:11:01.000Z,27406401,68681
GordonRamsay,Gordon Ramsay,7476141,23763,2010-02-01T08:31:59.000Z,110365072,125456
henrygayle,Chris Gayle,4791748,14939,2009-06-07T23:42:47.000Z,45452226,24024
SeppBlatter,Joseph S Blatter,2281330,2426,2010-04-29T12:11:15.000Z,138388408,903
kenandogulu,Kenan Doƒüulu,2610798,1858,2009-08-28T20:17:26.000Z,69683823,1843
McIlroyRory,Rory McIlroy,3179769,3578,2010-09-07T19:51:29.000Z,188039706,41792
Garik2000,–ì–∞—Ä–∏–∫ –•–∞—Ä–ª–∞–º–æ–≤,2804488,7345,2011-07-22T19:02:28.000Z,340466920,735
gisel_la,Gisella Anastasia,2557052,15080,2009-06-19T01:17:31.000Z,48562147,467
RealPaulWalker,Paul Walker,2328225,2339,2010-09-30T14:08:40.000Z,197034645,5645
jhongsample,Jhong hilario,3529562,13507,2010-09-15T07:37:01.000Z,190955393,17828
drangelocarbone,Dr. Angelo Carbone,745430,111128,2010-09-14T20:19:09.000Z,190774889,462
Flordelav,Flor De La Veüè≥Ô∏è‚Äç‚ößÔ∏è,2846644,28856,2010-01-17T17:18:37.000Z,105838056,1929
IanMcKellen,Ian McKellen,4122954,2877,2010-01-14T23:29:56.000Z,104969057,38510
XianLimm,XIAN LIM,3072548,22235,2011-03-11T07:42:11.000Z,264058981,33078
SamNasri19,Samir Nasri Official,2397843,603,2010-12-26T00:37:34.000Z,230567975,1764
zairana,Zaira,2510211,15475,2009-09-16T01:50:11.000Z,74622617,1243
DeepakChopra,Deepak Chopra,3206929,81457,2008-07-24T20:41:29.000Z,15588657,26646
kingsthings,Larry King,2380313,16524,2009-03-03T21:44:20.000Z,22685200,146554
Anggun_Cipta,Anggun Official,3867094,13849,2009-03-12T18:43:36.000Z,24002803,6955
icecube,Ice Cube,5682273,8925,2009-01-28T19:47:00.000Z,19671129,225340
LaraDutta,Lara Dutta Bhupathi,3266239,4640,2009-08-17T11:34:58.000Z,66334209,5015
DAVID_LYNCH,David Lynch,3286923,917,2008-08-23T22:41:48.000Z,15962096,16040
LAAZCARATE,LAAZCARATE,4603631,6889,2010-08-09T05:37:41.000Z,176315005,51292
jeremypiven,Jeremy Piven,2245777,5441,2009-02-06T07:09:58.000Z,20221159,8899
FifthHarmony,Fifth Harmony,4620920,13380,2012-10-10T19:28:02.000Z,872374136,13117
feliciaday,Felicia Dayüá∫üá∏,2653074,39682,2007-07-31T22:58:08.000Z,7861312,52510
ShraddhaKapoor,Shraddha,14086240,5711,2011-06-14T10:14:40.000Z,317034396,118290
TurkiAldakhil,#ÿ™ÿ±ŸÉŸä_ÿßŸÑÿØÿÆŸäŸÑ,3954035,34557,2009-06-12T11:57:21.000Z,46636018,7338
biz,Biz Stone,2664197,9823,2006-03-21T20:51:43.000Z,13,13986
OscarDLeon,Oscar D' Leon,2883297,36339,2009-11-11T22:37:47.000Z,89303321,3467
TomDaley1994,Tom Daley,2317977,8877,2009-07-04T18:45:22.000Z,53732896,1743
chriscolfer,Chris Colfer,2167682,4313,2009-04-18T19:33:27.000Z,32985158,25697
TheRealAC3,Ashley Cole,2447009,1271,2012-07-22T04:12:33.000Z,710064516,3289
IAmJericho,Chris Jericho,3603065,67442,2009-06-04T02:48:33.000Z,44527648,97375
Dbolina,Dani Bolina,2424080,24635,2009-08-26T16:20:07.000Z,69023599,166
JoeyGraceffa,Joey Graceffa,3808417,27642,2008-10-15T21:19:08.000Z,16794568,34460
Joe_Sugg,Joe Sugg,4888358,22774,2009-05-05T17:31:55.000Z,37972440,3810
katedelcastillo,kate del castillo,3908500,13116,2009-04-18T02:44:02.000Z,32745368,4285
masason,Â≠´Ê≠£Áæ©,2902701,6101,2009-12-24T02:26:24.000Z,99008565,28905
aaronpaul_8,Aaron Paul,2548607,31,2011-07-10T05:01:54.000Z,332638587,3372
PaulMcCartney,Paul McCartney,4176238,5758,2009-09-16T11:55:21.000Z,74712538,95071
TheMandyMoore,Mandy Moore,2321276,5908,2009-02-24T17:39:42.000Z,21774892,16929
adamlambert,ADAM LAMBERT,2338681,9365,2009-06-12T04:03:30.000Z,46576295,187294
anandmahindra,anand mahindra,8539153,22370,2009-04-22T05:40:01.000Z,34197952,222543
BillNye,Bill Nye,6130100,2498,2009-05-04T17:42:04.000Z,37710752,23989
OlaAlfares,ÿπŸèŸÑÿß ÿßŸÑŸÅÿßÿ±ÿ≥,4921176,7488,2011-06-10T12:46:01.000Z,314547227,94065
showimah,Soimah Pancawati,2772309,9249,2010-03-15T10:10:48.000Z,123206116,237
greysonchance,Greyson Chance,2502032,9804,2010-05-16T03:59:01.000Z,144380789,23791
JimGaffigan,Jim Gaffigan,3224061,20309,2007-06-03T11:09:19.000Z,6539592,190871
DENISE_RICHARDS,Denise Richards,2130847,14461,2009-03-15T13:33:30.000Z,24523660,2800
stephenasmith,Stephen A Smith,5495775,40341,2008-09-15T21:19:57.000Z,16302242,447346
RichardHammond,Richard Hammond,3070534,2841,2011-01-27T15:03:53.000Z,243662948,11531
ristomejide,Risto Mejide üï∂,2739306,32662,2009-09-17T11:48:42.000Z,74992460,111153
iqbaale,iqbaal ramadhan,2766276,15526,2010-05-07T11:41:28.000Z,141186163,30992
ThisisDavina,Davina McCall,2710244,44556,2009-06-02T11:25:03.000Z,44101412,95707
D_Ospina1,David Ospina,3303444,484,2013-05-31T01:38:34.000Z,1471068170,2732
emreaydin,emre aydƒ±n,3162368,4472,2009-08-27T13:45:05.000Z,69293780,5290
raphaelvarane,Rapha√´l Varane,6838624,1656,2012-04-10T13:41:55.000Z,550202880,36962
JAlvarezFlow,J Alvarez,3413093,72355,2009-11-02T15:22:28.000Z,86962432,4090
xtianbautista,Christian Bautista,3374827,26325,2009-03-23T04:44:53.000Z,25954814,33882
carterreynolds,Carter Reynolds,2603243,18382,2011-08-29T00:12:16.000Z,363961928,1542
KyrieIrving,A11Even,4358384,3334,2011-06-14T20:50:16.000Z,317370751,178893
YosriFouda,Yosri Fouda,3699852,4212,2010-09-11T17:50:36.000Z,189591533,95
iloveruffag,Ruffa Gutierrez,3036252,49667,2009-07-11T04:08:35.000Z,55753842,8335
jccaylen,j,6456829,41012,2010-05-02T23:22:27.000Z,139539038,214347
shymofficiel,Shy'm,2890051,16337,2010-03-22T19:53:45.000Z,125430181,2904
Bourdain,Anthony Bourdain,6687115,13379,2008-04-10T17:46:33.000Z,14353392,1995
RachelZoe,Rachel Zoe,3553899,16472,2009-04-12T19:29:05.000Z,30704824,840
djkhaled,DJ KHALED,5297774,96440,2009-03-30T16:29:14.000Z,27673684,93866
angelicavale,Angelica Vale,2603612,21376,2009-06-01T09:42:01.000Z,43859592,28728
jasonsegel,Jason Segel,2035147,332,2011-11-08T20:23:30.000Z,407977463,6184
dhikacungkring,andhika pratama,2693608,34087,2010-02-16T14:38:19.000Z,114761346,126
robbiewilliams,Robbie Williams,2465540,5492,2009-08-28T15:08:55.000Z,69610339,16952
MrJamesMay,James May,3180039,12506,2009-11-26T10:26:59.000Z,92727851,28437
ImZaheer,zaheer khan,5977494,1213,2010-01-28T14:33:48.000Z,109275593,10560
lottietommo,Lottie Tomlinson,2442101,5020,2011-03-26T19:23:56.000Z,272561314,1668
JackHarries,Jackson Harries,1786677,8672,2011-06-12T17:15:29.000Z,315919021,691
HeffronDrive,Kendall Schmidt,2186225,12603,2009-04-09T02:35:33.000Z,29898542,13812
anakarylle,karylle,4308229,31650,2009-09-28T15:02:48.000Z,78035324,39052
elmorenomichael,EL MORENO MICHAEL,1284745,43432,2010-08-27T19:13:22.000Z,183731193,590
JeremyBieber,Jeremy Bieber,2205463,6167,2009-11-05T21:00:35.000Z,87781747,3502
NathanKress,Nathan Kress,2333446,7648,2009-03-03T06:02:24.000Z,22592948,6870
HARDWELL,Hardwell,7244111,12189,2009-02-24T19:38:00.000Z,21787625,6421
Charlottegshore,Charlotte Crosby,2853732,36687,2011-04-06T16:23:31.000Z,278103138,7654
sarseh,sarah sechan,2451155,22396,2009-07-29T02:39:16.000Z,61091504,77
Hadise,HADISE ACIKGOZ,3378873,6443,2009-06-11T10:09:40.000Z,46357464,22286
Cyrilhanouna,Cyril Hanouna,5923344,14114,2011-09-23T14:55:32.000Z,378632690,385843
twhiddleston,Tom Hiddleston,4330667,1848,2011-10-14T23:20:46.000Z,391037985,45672
manaoficial,Man√°,2689531,6596,2009-12-09T19:36:28.000Z,95715393,5510
CMPunk,player/coach,2717695,20633,2010-08-11T22:19:44.000Z,177345928,39298
MarcusButler,Marcus Butler,2910751,12038,2009-10-12T12:03:58.000Z,81825702,309
kojiharunyan,Â∞èÂ∂ã ÈôΩËèú,3096200,12841,2010-04-20T06:57:44.000Z,135064055,35652
andrescepeda,Andr√©s Cepeda,3158099,17590,2010-05-22T22:21:47.000Z,146985042,8116
pattonoswalt,Patton Oswalt,4773280,53700,2010-05-01T19:00:10.000Z,139162440,659088
TripleH,Triple H,7553928,7486,2011-08-15T19:31:15.000Z,355708717,134794
JodiStaMaria,Jodi Sta.Maria,3216461,14451,2010-02-12T11:07:15.000Z,113603164,11095
sebastianrulli,Sebastian Rulli,2904183,22090,2009-12-08T19:16:04.000Z,95482484,10109
carlosbaute,Carlos Baute,2528383,9254,2009-07-18T11:32:25.000Z,57912874,1490
AudrinaPatridge,Audrina Patridge,1963591,6737,2009-06-18T16:18:28.000Z,48399528,139
dannapaola,Danna Paola,5692911,24035,2010-02-07T03:48:13.000Z,112057739,321448
siyovushdustov,Siyovush Dustov,418448,3,2012-02-28T06:59:04.000Z,507005731,3
k_alshenaif,ÿÆÿßŸÑÿØ ÿßŸÑÿ¥ŸÜŸäŸÅ,5023083,43511,2010-07-10T06:00:50.000Z,164963639,33298
officialpepe,Pepe,3535312,493,2011-07-11T17:54:04.000Z,333534411,14127
LeventUzumcu,Levent √úz√ºmc√º,5277964,47957,2009-12-26T19:57:45.000Z,99564663,159593
nxzerooficial,NX Zero,2266890,13271,2009-03-10T00:49:09.000Z,23532872,656
ShaneWarne,Shane Warne,3636959,19156,2009-11-03T05:46:36.000Z,87118217,85884
AdnanAlarour,ÿπÿØŸÜÿßŸÜ ÿßŸÑÿπÿ±ÿπŸàÿ±,3264120,8990,2011-03-25T11:33:54.000Z,271890651,4252
Dynamomagician,Dynamo,2008133,34914,2009-04-06T19:04:23.000Z,29268463,4144
booba,Booba,5670387,5176,2010-08-17T14:31:18.000Z,179530581,368975
MustafaHosny,Mustafa Hosny,10813180,47420,2009-07-27T12:01:36.000Z,60576219,292775
FrencHMonTanA,French Montana,3012812,32231,2009-01-06T00:34:55.000Z,18653699,22961
KeithUrban,Keith Urban,4167118,8473,2008-05-15T19:48:00.000Z,14790817,21586
xuxameneghel,Xuxa Meneghel,2646128,5558,2008-01-10T17:41:41.000Z,12078472,29475
cala,Ismael Cala,3159383,100970,2009-04-01T05:39:36.000Z,28058878,37018
mariko_dayo,ÁØ†Áî∞È∫ªÈáåÂ≠ê,2404474,18709,2010-07-04T08:10:12.000Z,162644645,11904
danimartinezweb,Dani Mart√≠nez,2423928,30818,2009-12-27T22:02:30.000Z,99792462,29453
NajwaShihab,Najwa Shihab,7830727,25835,2008-10-22T21:15:07.000Z,16912985,20092
AdalRamones,Adal Ramones,2681681,37447,2009-12-11T19:22:41.000Z,96187825,1773
belalfadl,Belal Fadl,3857806,23908,2010-07-03T03:20:32.000Z,162248086,5539
OficialGio,Giovani Dos Santos,3414692,1680,2012-05-08T14:19:32.000Z,574511063,7860
woodyinho,Marco Reus,3078978,271,2011-08-24T10:02:46.000Z,361150095,10644
bobsaget,bob saget,2246211,3201,2009-05-07T22:40:55.000Z,38536306,14194
TomFelton,Tom Felton,3147996,10350,2009-03-02T22:53:32.000Z,22548403,222152
MrsSOsbourne,Sharon Osbourne,2346546,5722,2009-05-29T06:05:07.000Z,43283406,117832
MartinGarrix,MARTIN GARRIX,8535965,16809,2010-04-17T20:56:22.000Z,134234000,23134
SteveNash,Steve Nash,2590369,4573,2009-02-09T04:44:08.000Z,20416406,12716
omeshomesh,ananda omesh,2335412,14845,2009-07-22T11:30:16.000Z,59101459,202
jotaquest,Jota Quest,3220244,29817,2008-06-13T04:25:42.000Z,15104212,1480
mariashriver,Maria Shriver,2161966,20250,2009-01-22T21:23:52.000Z,19362341,116769
esmuellert_,Thomas M√ºller,4461412,2352,2013-08-14T10:58:28.000Z,1670174994,44062
Yusuf_Mansur,Yusuf Mansur,2990993,3980,2011-05-27T00:58:34.000Z,305935546,10222
VincentKompany,Vincent Kompany,2983892,2429,2011-12-14T13:25:26.000Z,436702610,6972
williebosshog,Willie Robertson,2075172,2259,2011-02-18T20:01:38.000Z,254189974,305
Stromae,Stromae,2221888,617,2009-06-30T19:43:27.000Z,52496551,5217
neilhimself,Neil Gaiman,2865107,171003,2008-12-26T19:30:36.000Z,18393773,149848
MoezMasoud,Moez Masoud,3647609,3435,2009-09-16T09:49:49.000Z,74694859,812
DavidSpade,David Spade,2744516,5120,2009-03-03T18:37:23.000Z,22657153,20799
PaulaAbdul,Paula Abdul,2005454,26661,2009-03-30T22:42:25.000Z,27750488,15067
drose,Derrick Rose,2544850,91,2012-06-19T17:20:17.000Z,612792060,28183
Fabio_Coentrao,Fabio Coentrao,2319520,132,2011-07-05T16:37:17.000Z,329789735,225
ayseozyilmazel,ayse ozyilmazel,2129459,18581,2009-06-28T10:41:33.000Z,51701366,2535
alo_oficial,Fernando Alonso,2905024,8569,2012-02-28T17:35:37.000Z,507672047,147005
RebelWilson,Rebel Wilson,2675047,6325,2010-05-29T17:43:05.000Z,149590738,12968
robertmarion,Robi Domingo,3105158,9123,2009-08-02T07:02:00.000Z,62216533,72040
bonnovanderputt,bonno van der putten,436268,26581,2012-01-28T17:27:40.000Z,476946794,9
sgokbakar,≈ûahan G√∂kbakar,2442542,4069,2011-05-03T20:17:31.000Z,292535614,4138
luke_brooks,Luke Brooks,1879759,14409,2009-07-25T12:51:23.000Z,60050843,306
depechemode,Depeche Mode,2186734,1348,2009-03-24T22:52:15.000Z,26347170,15915
amyschumer,Amy Schumer,4446780,181,2009-07-09T02:45:03.000Z,55117855,20756
CraigyFerg,Craig Ferguson,2628936,2941,2010-02-08T19:14:33.000Z,112508240,20133
FatinSL,Fatin Shidqia Lubis,3011580,10460,2012-11-24T10:12:18.000Z,967748192,1787
mnzadornov,–ó–ê–î–û–†–ù–û–í–∞ –∫–æ–º–∞–Ω–¥–∞,2428275,6906,2010-06-30T06:52:56.000Z,161199279,45
ayushmannk,Ayushmann Khurrana,5951413,21813,2009-05-07T09:47:36.000Z,38403110,18576
BIRDMAN5STAR,BIRDMAN,2430422,10549,2009-05-06T06:16:46.000Z,38127255,3521
danisuzuki,Dani Suzuki,2308536,9390,2009-06-10T19:09:50.000Z,46196327,228
kylieminogue,Kylie Minogue,2199320,14025,2009-08-05T16:03:32.000Z,63172203,105694
Zedd,Zedd,7742802,34966,2010-06-14T21:53:37.000Z,155705264,44148
SleepintheGardn,Troian,2349183,8321,2010-04-08T23:29:12.000Z,130991061,5632
therealjuicyj,juicy j,2795518,46484,2009-03-13T22:59:30.000Z,24275419,83570
manugavassi,Manu Gavassi,6433461,42676,2009-04-15T22:44:52.000Z,31547933,169243
